restaurant_code,address,restaurant_name,restaurant_class,menu_tag,blue_ribbon_count,red_ribbon_count,restaurant_review_count,restaurant_review_point,naver_blog_count,restaurant_size
127,"서울특별시 마포구 토정로5길 10 (합정동)",앤트러사이트,,커피전문점,0,0,0,0,0,0
128,"서울특별시 마포구 홍익로5안길 24 (서교동)",멘야산다이메,,라멘,0,0,0,0,0,0
129,"서울특별시 마포구 와우산로 72 (서교동) 2층",초마,,일반중식,0,0,0,0,0,0
130,"서울특별시 마포구 독막로15길 13-6 (상수동)",데코아발림,,디저트전문점,0,0,0,0,0,0
131,"서울특별시 마포구 와우산로 70 (서교동) 군봉빌딩",삼거리포차,,한식주점,0,0,0,0,0,0
132,"서울특별시 마포구 홍익로2길 23 (서교동)",가미우동,,일식우동,0,0,0,0,0,0
133,"서울특별시 마포구 어울마당로3길 5 (합정동)",당고집,,일본디저트,0,0,0,0,0,0
134,"서울특별시 마포구 홍익로 29 (서교동)",신원복집,,복,0,0,0,0,0,0
135,"서울특별시 마포구 와우산로 50 (상수동)",호호미욜,,카페,0,0,0,0,0,0
136,"서울특별시 마포구 성지3길 67 (합정동)",백세식당,,"곰탕,비빔밥",0,0,0,0,0,0
137,"서울특별시 마포구 와우산로3길 27 (상수동)",이리카페,,카페,0,0,0,0,0,0
138,"서울특별시 마포구 와우산로 63 (서교동) 2층",클럽에반스,,재즈바,0,0,0,0,0,0
139,"서울특별시 마포구 와우산로32길 24 (창전동)",철길왕갈비살,,"소고기구이,삼겹살",0,0,0,0,0,0
140,"서울특별시 마포구 토정로 155 (하중동)",마차회집,,생선회,0,0,0,0,0,0
141,"서울특별시 마포구 토정로 136-13 (상수동) 우성빌딩 7층",괴르츠,,양식,0,0,0,0,0,0
142,"서울특별시 영등포구 의사당대로 108 (여의도동) 아일렉스",폴앤폴리나,,베이커리,0,0,0,0,0,0
143,"서울특별시 영등포구 당산로38길 12 (당산동4가) 1층",오시게리따,,"피자,퓨전",0,0,0,0,0,0
144,"서울특별시 강남구 언주로 711 (논현동) 건설회관 지하 1층",불이아,,"훠궈,사천식중식",0,1,0,0,0,0
145,"인천광역시 남동구 논고개로123번길 17 (논현동) 아이플렉스빌딩 202호",홍대구루메,,"라멘,스시",0,0,0,0,0,0
146,"강원특별자치도 강릉시 초당원길 34 (초당동)",이츠모라멘,,라멘,0,1,0,0,0,0
147,"경기도 고양시 일산서구 탄중로 106 (덕이동)",레미니스케이크팩토리,,디저트전문점,0,0,0,0,0,0
148,"서울특별시 마포구 독막로15길 3-18 (상수동)",히메시야,,일식덮밥,0,0,0,0,0,0
149,"서울특별시 마포구 와우산로21길 26 (서교동)",쇼콜라윰,,"쿠키,케이크",0,0,0,0,0,0
150,"서울특별시 마포구 양화로6길 99 (서교동)",옹달샘,,곤드레밥,0,0,0,0,0,0
151,"서울특별시 마포구 어울마당로 149-1 (동교동)",조개이야기,,조개구이,0,0,0,0,0,0
152,"서울특별시 마포구 와우산로3길 28 (상수동)",김씨네심야식당,,이자카야,0,0,0,0,0,0
153,"서울특별시 마포구 와우산로3길 19 (상수동)",탐라식당,,"제주음식,순대,수육",0,0,0,0,0,0
154,"서울특별시 마포구 양화로8길 32-17 (서교동)",에고,,카페,0,0,0,0,0,0
155,"서울특별시 마포구 와우산로3길 49 (당인동)",그문화다방,,카페,0,0,0,0,0,0
156,"서울특별시 마포구 와우산로21길 31-10 (서교동) 1층",신미경홍대닭갈비,,닭갈비,0,0,0,0,0,0
157,"서울특별시 마포구 와우산로 91 (서교동)",홍익수제비,,수제비,0,0,0,0,0,0
158,"서울특별시 마포구 잔다리로 5-1 (서교동)",광동포차,,한식주점,0,0,0,0,0,0
159,"서울특별시 마포구 잔다리로3안길 21 (서교동)",베이스캠프,,돼지고기구이,0,0,0,0,0,0
160,"서울특별시 마포구 와우산로29마길 12 (서교동) 2층",흥부네부대찌개,,부대찌개,0,0,0,0,0,0
161,"서울특별시 마포구 와우산로35길 75 (서교동)",부탄츄,,라멘,0,0,0,0,0,0
162,"서울특별시 마포구 토정로 49 (합정동)",버거4.5,,햄버거,0,0,0,0,0,0
163,"서울특별시 마포구 토정로5길 12 (합정동)",무대륙,,퓨전,0,0,0,0,0,0
164,"서울특별시 마포구 와우산로29다길 11-1 (서교동)",텟판타마고,,오코노미야키,0,0,0,0,0,0
165,"서울특별시 마포구 홍익로5길 45 (서교동)",두리반,,칼국수,0,0,0,0,0,0
166,"서울특별시 마포구 와우산로 24 (상수동)",제비다방,,카페,0,0,0,0,0,0
167,"서울특별시 마포구 홍익로5길 57 (서교동) 1층",영빈,,일반중식,0,0,0,0,0,0
168,"서울특별시 마포구 와우산로21길 4-3 (서교동)",다락투,,"칼국수,닭곰탕",0,0,0,0,0,0
169,"서울특별시 마포구 어울마당로 39 (서교동)",별밤,,LP바,0,0,0,0,0,0
170,"서울특별시 마포구 와우산로29길 14 (서교동)",커피랩,,커피전문점,0,0,0,0,0,0
171,"서울특별시 마포구 독막로 35 (합정동)",비사벌전주콩나물국밥,,백반,0,0,0,0,0,0
172,"서울특별시 마포구 와우산로29길 54 (서교동)",칼디커피서덕식,,카페,0,0,0,0,0,0
173,"서울특별시 마포구 와우산로18길 20 (서교동)",예티,,퓨전,0,0,0,0,0,0
174,"서울특별시 마포구 양화로 118 (서교동)",백년토종삼계탕,,삼계탕,0,0,0,0,0,0
175,"서울특별시 마포구 잔다리로 30-11 (서교동)",멜로우,,카페,0,0,0,0,0,0
176,"서울특별시 마포구 독막로19길 42-18 (상수동) 성민빌딩",카페더블루스,,카페,0,0,0,0,0,0
177,"서울특별시 마포구 독막로9길 43 (서교동)",심양,,"양꼬치,동북식중식",0,0,0,0,0,0
178,"서울특별시 마포구 와우산로29길 44 (서교동) 2층",더담,,"한정식,한식주점,퓨전한식",0,0,0,0,0,0
179,"서울특별시 마포구 양화로6길 84 (합정동)",몽카페그레고리,,디저트전문점,0,0,0,0,0,0
180,"서울특별시 마포구 성미산로23길 46 (연남동)",블루쇼파스타연남,,양식,0,0,0,0,0,0
181,"서울특별시 마포구 동교로34길 17 (연남동)",니꾸킹버거,,햄버거,0,0,0,0,0,0
182,"서울특별시 마포구 동교로25길 53 (연남동) 1층",세빠띠,,디저트전문점,0,0,0,0,0,0
183,"서울특별시 마포구 동교로 248-1 (연남동)",발리문,,인도네시아식,0,0,0,0,0,0
184,"서울특별시 마포구 연희로1길 40-3 (동교동) 1층",서담헌,,일반중식,0,0,0,0,0,0
185,"서울특별시 마포구 동교로 242 (연남동) 2층",호커보이,,아시아식,0,0,0,0,0,0
186,"서울특별시 마포구 동교로46길 24-4 (연남동) 1층",모닥불,,그릴,0,0,0,0,0,0
187,"서울특별시 마포구 연희로1길 41 (연남동) 예일빌라 102호",리틀빅토리,,"구움과자,베이커리",0,0,0,0,0,0
188,"서울특별시 마포구 동교로32길 19 (연남동) 1층",작당모의,,디저트전문점,0,0,0,0,0,0
189,"서울특별시 마포구 동교로51안길 11 (연남동) 1, 2층",티브커피하우스,,카페,0,0,0,0,0,0
190,"서울특별시 마포구 성미산로 186 (연남동)",연남제비,,돼지고기구이,0,0,0,0,0,0
191,"서울특별시 마포구 양화로21길 15 (동교동) 2층",오이시쿠,,이자카야,0,0,0,0,0,0
192,"서울특별시 마포구 동교로23길 21 (동교동) 윤호빌딩 2층",구뜨커피,,카페,0,0,0,0,0,0
193,"서울특별시 마포구 동교로30길 16 (동교동)",빌라더다이닝,,양식,0,0,0,0,0,0
194,"서울특별시 마포구 월드컵북로4길 43 (동교동)",카페코르,,카페,0,0,0,0,0,0
195,"서울특별시 마포구 동교로38길 5 (연남동) 2층",육미안,,소갈비,0,0,0,0,0,0
196,"서울특별시 마포구 동교로32길 7 (연남동) 4층",영지인,,모던한식,0,0,0,0,0,0
197,"서울특별시 마포구 동교로29길 34 (연남동)",아벡쉐리더파크,,베이커리,0,0,0,0,0,0
198,"서울특별시 마포구 동교로50길 16 (연남동) 파인빌딩",마들젠,,디저트전문점,0,0,0,0,0,0
199,"서울특별시 마포구 성미산로 150 (연남동)",얼스어스,,카페,0,0,0,0,0,0
200,"서울특별시 마포구 양화로19길 22-8 (동교동)",tytd,,"베이커리,카페",0,0,0,0,0,0
201,"서울특별시 마포구 동교로46길 34 (연남동)",디트로이트피지스,,미국식피자,0,0,0,0,0,0
202,"서울특별시 마포구 동교로 277 (연남동) 1층",산볼,,일식덮밥,0,0,0,0,0,0
203,"서울특별시 마포구 동교로46길 13 (연남동) 1층",프랭클린스델리,,"햄버거,샌드위치",0,0,0,0,0,0
204,"서울특별시 마포구 성미산로26길 41 (연남동)",야키토리고꼬연남,,야키토리,0,0,0,0,0,0
205,"서울특별시 마포구 성미산로 163 (연남동) 2층, 3층",연남동와이탑,,양식,0,0,0,0,0,0
206,"서울특별시 마포구 성미산로 161-7 (연남동)",하이촨촨,,사천식중식,0,0,0,0,0,0
207,"서울특별시 마포구 동교로 260 (연남동)",회뜨는총각,,생선회,0,0,0,0,0,0
208,"서울특별시 마포구 동교로 234 (동교동)",잔등재차돌집,,돼지고기구이,0,0,0,0,0,0
209,"서울특별시 마포구 동교로38길 6-5 (연남동)",스필아웃,,"미국식피자,펍",0,0,0,0,0,0
210,"서울특별시 마포구 월드컵북로6길 84 (동교동) 1층",소바하우스멘야준,,라멘,0,0,0,0,0,0
211,"서울특별시 마포구 동교로 212-16 (동교동) 1층",샌드커피논탄토,,"커피전문점,카이막",0,0,0,0,0,0
212,"서울특별시 마포구 양화로23길 24 (동교동) 2층",이자카야연정,,이자카야,0,0,0,0,0,0
213,"서울특별시 마포구 와우산로29마길 6 (서교동)",쭌곱창,,돼지곱창,0,0,0,0,0,0
214,"서울특별시 마포구 양화로18안길 22 (동교동)",봉림대패,,삼겹살,0,0,0,0,0,0
215,"서울특별시 마포구 성미산로 95 (성산동)",카츠토랑,,"일식돈가스,퓨전일식",0,0,0,0,0,0
216,"서울특별시 마포구 양화로 188 (동교동) AK&건물 5층",고에몬,,퓨전일식,0,0,0,0,0,0
217,"서울특별시 마포구 동교로27길 39 (연남동)",풍천장어,,장어,0,0,0,0,0,0
218,"서울특별시 마포구 동교로38길 27-9 (연남동) 1층",플롭,,미국식피자,0,0,0,0,0,0
219,"서울특별시 마포구 연희로 29-1 (동교동)",센트럴사이트,,커피전문점,0,0,0,0,0,0
220,"서울특별시 마포구 동교로51길 51 (연남동)",리피칩,,구움과자,0,0,0,0,0,0
221,"서울특별시 마포구 월드컵북로6길 19 (연남동) 1층",장작집,,통닭,0,0,0,0,0,0
222,"서울특별시 마포구 동교로 262-13 (연남동)",피스케스,,"와인바,해물",0,0,0,0,0,0
223,"서울특별시 마포구 성미산로23안길 20-6 (연남동) 1층",푸치케,,카페,0,0,0,0,0,0
224,"서울특별시 마포구 성미산로 190-25 (연남동) 1층",그날연남,,이자카야,0,0,0,0,0,0
225,"서울특별시 마포구 동교로 242-6 (연남동)",모모,,이자카야,0,0,0,0,0,0
226,"서울특별시 마포구 성미산로29안길 19-4 (연남동) 1층",딥스파티세리,,카페,0,0,0,0,0,0
227,"서울특별시 마포구 동교로41길 3 (연남동) 1층",파네트,,베이커리,0,0,0,0,0,0
228,"서울특별시 마포구 동교로46길 13 (연남동) 지하 1층",연주방어페어,,와인바,0,0,0,0,0,0
229,"서울특별시 마포구 동교로38길 20 (연남동) 지1층 102호",화월카게츠,,"모츠나베,이자카야",0,0,0,0,0,0
230,"서울특별시 마포구 동교로27길 60 (연남동) 1층",바다회사랑,,"생선회,방어",0,0,0,0,0,0
231,"서울특별시 마포구 월드컵북로4길 23-5 (동교동)",루프탑지니,,와인바,0,0,0,0,0,0
232,"서울특별시 마포구 연남로3길 23 (연남동) 1층",모츠모츠,,"일식,모츠나베",0,0,0,0,0,0
233,"서울특별시 마포구 동교로34길 6 (연남동)",삐딱,,한식주점,0,0,0,0,0,0
234,"서울특별시 마포구 성미산로22길 18 (연남동) 프로젝트 에이 1층",펠른,,"커피전문점,라이브디저트",0,0,0,0,0,0
235,"서울특별시 마포구 성미산로 188 (연남동)",화설,,소고기구이,0,0,0,0,0,0
236,"서울특별시 마포구 동교로52길 10-7 (연남동) 1층",아민연남,,지중해식,0,0,0,0,0,0
237,"서울특별시 마포구 연남로3길 10 (연남동) 1층",한촉,,"초콜릿,카페",0,0,0,0,0,0
238,"서울특별시 마포구 월드컵북로4길 59 (동교동)",옹시미,,"감자옹심이,칼국수",0,0,0,0,0,0
239,"서울특별시 마포구 성미산로29길 17-8 (연남동) 2층",커피리브레,,커피전문점,0,0,0,0,0,0
240,"서울특별시 마포구 동교로46길 28 (연남동) 1~3층",포포민즈낫띵,,디저트전문점,0,0,0,0,0,0
241,"서울특별시 마포구 연희로1길 45-6 (연남동)",고스트블랙연남,,바비큐,0,0,0,0,0,0
242,"서울특별시 마포구 동교로27길 83 (연남동)",쿠로코식당,,"라멘,마제소바",0,0,0,0,0,0
243,"서울특별시 마포구 동교로29길 38 (연남동)",크림하우스아이스크림파티세리,,젤라토,0,0,0,0,0,0
244,"서울특별시 마포구 동교로39길 9 (연남동)",곤로야끼니꾸,,야키니쿠,0,0,0,0,0,0
245,"서울특별시 마포구 독막로7길 51 (서교동) 2층",백소정,,"소바,일식돈가스",0,0,0,0,0,0
246,"서울특별시 마포구 동교로38길 33-15 (연남동)",카쿠시타,,"이자카야,일식돈가스,모츠나베",0,0,0,0,0,0
247,"서울특별시 마포구 동교로 267 (연남동)",아노브피자,,"피자,파스타",0,0,0,0,0,0
248,"서울특별시 마포구 와우산로29마길 10-4 (서교동)",토라슌,,야키니쿠,0,0,0,0,0,0
249,"서울특별시 종로구 대학로11길 12 (명륜4가)",스노브,,"케이크,디저트전문점",0,0,0,0,0,0
250,"서울특별시 종로구 인사동8길 6-1 (관훈동)",도마,,소고기구이,0,1,0,0,0,0
251,"서울특별시 종로구 북촌로2길 14 (재동)",도마유즈라멘,,"라멘,소고기구이",0,0,0,0,0,0
252,"서울특별시 종로구 북촌로11다길 41 (삼청동)",츄로101,,츄러스,0,0,0,0,0,0
253,"서울특별시 종로구 자하문로9길 14 (통인동)",스노브,,"케이크,디저트전문점",0,0,0,0,0,0
254,"서울특별시 중구 중림로 31 (중림동)",도마,,소고기구이,0,1,0,0,0,0
255,"서울특별시 마포구 와우산로13길 49-3 (상수동)",꽃피는고기,,"돼지고기구이,소고기구이",0,0,0,0,0,0
256,"서울특별시 마포구 와우산로17길 19-17 (서교동)",38도씨식당,,이탈리아식,0,0,0,0,0,0
257,"서울특별시 마포구 와우산로17길 19-17 (서교동) 1층",모크,,카페,0,0,0,0,0,0
258,"서울특별시 서대문구 연희로 89 (연희동)",홍대삭,,떡볶이,0,0,0,0,0,0
259,"서울특별시 서대문구 연희맛로 17-49 (연희동)",제니스까페,,"카페,브런치카페",0,0,0,0,0,0
260,"서울특별시 서대문구 연세로9길 10-7 (창천동) 2층",엔터엘피바,,LP바,0,0,0,0,0,0
261,"서울특별시 마포구 독막로3길 34 (서교동) 1층",홍대육지,,돼지고기구이,0,0,0,0,0,0
262,"서울특별시 마포구 양화로6길 21 (서교동) 2층",당인리극장,,한식주점,0,0,0,0,0,0
263,"서울특별시 마포구 양화로10길 20 (서교동) 1층 101호",언덕집,,"한식주점,육회",0,0,0,0,0,0
264,"서울특별시 마포구 독막로8길 27 (합정동)",까사벨라즈,,츄러스,0,0,0,0,0,0
265,"서울특별시 마포구 잔다리로 20-11 (서교동)",붉은낙타,,한식주점,0,0,0,0,0,0
266,"서울특별시 마포구 독막로3길 26 (서교동)",더씨,,생선회,0,0,0,0,0,0
267,"서울특별시 마포구 양화로8길 14 (서교동)",추자로557,,생선회,0,0,0,0,0,0
268,"서울특별시 마포구 독막로 47-1 (합정동)",홍일품,,게장,0,0,0,0,0,0
269,"서울특별시 마포구 독막로3길 33-3 (서교동)",그늘,,한식주점,0,0,0,0,0,0
270,"서울특별시 마포구 동교로 94 (서교동)",망원회관,,"소고기구이,돼지고기구이",0,0,0,0,0,0
271,"서울특별시 마포구 와우산로11길 9-9 (상수동) 1층",칸스,,"한식주점,멕시코식",0,0,0,0,0,0
272,"서울특별시 마포구 홍익로 10 (서교동) 서교푸르지오",모모유부,,유부초밥,0,0,0,0,0,0
273,"서울특별시 마포구 월드컵북로 9-1 (서교동) 1층",육전국밥,,"소고기국밥,육전,막국수",0,0,0,0,0,0
274,"서울특별시 마포구 양화로15길 12 (서교동)",설참치,,참치,0,0,0,0,0,0
275,"서울특별시 마포구 동교로 210 (동교동) 태전빌딩",사천리훠궈,,훠궈,0,0,0,0,0,0
276,"서울특별시 마포구 와우산로13길 23 (상수동)",에꼴리,,이탈리아식,1,0,0,0,0,0
277,"서울특별시 마포구 잔다리로3안길 44 (서교동) 1층 좌측",합계,,일식닭구이,1,0,0,0,0,0
278,"서울특별시 마포구 와우산로3길 6 (상수동) 1층",재원미경,,와인바,1,0,0,0,0,0
279,"서울특별시 마포구 양화로6길 57-13 (서교동) 지하 1층",호계,,"통닭,퓨전중식",1,0,0,0,0,0
280,"서울특별시 마포구 성지3길 55 (합정동)",염돈,,돼지고기구이,1,0,0,0,0,0
281,"서울특별시 마포구 양화로6길 76 (합정동) 대동빌딩 1층",짚불돈,,돼지고기구이,1,0,0,0,0,0
282,"서울특별시 마포구 양화로16길 15 (서교동) 무광빌딩","일편장어 홍대본점",,장어,1,0,0,0,0,0
283,"서울특별시 마포구 잔다리로3안길 27 (서교동)",깃뜰,,돼지고기구이,1,0,0,0,0,0
284,"경기도 수원시 팔달구 화서문로31번길 14-9 (장안동) 1층",톤톤톤,,오코노미야키,1,0,0,0,0,0
285,"서울특별시 마포구 와우산로 43 (상수동)",푸글렌서울,,커피전문점,0,0,0,0,0,0
286,"서울특별시 마포구 어울마당로 57 (서교동) 1층",북촌손만두,,만두,0,0,0,0,0,0
287,"서울특별시 마포구 성지1길 39 (합정동) 7층",티에리스티라운지,,홍차전문점,0,0,0,0,0,0
288,"서울특별시 마포구 동교로32길 3 (연남동) 1층",무명요리사,,이자카야,0,0,0,0,0,0
289,"서울특별시 마포구 와우산로 162-14 (서교동)",재지패티,,햄버거,0,0,0,0,0,0
290,"서울특별시 마포구 연남로 51-1 (연남동)",이미양과자,,카페,0,0,0,0,0,0
291,"서울특별시 마포구 성미산로26길 9 (연남동) 1층 101호",모닐이네하우스,,구움과자,0,0,0,0,0,0
292,"서울특별시 마포구 어울마당로 146-1 (서교동)",홍익숯불갈비소금구이,,"삼겹살,돼지고기구이,돼지갈비",0,0,0,0,0,0
293,"서울특별시 마포구 양화로 72 (서교동) 서교동 효성 해링턴 타워",스시로운생활,,스시,0,0,0,0,0,0
294,"서울특별시 마포구 성미산로17길 114 (연남동) 2층",우탕,,갈비탕,0,0,0,0,0,0
295,"서울특별시 마포구 동교로 266-11 (연남동) 1층 102호, 바다약방",바다약방,,"생선회,한식주점",0,0,0,0,0,0
296,"서울특별시 마포구 동교로38길 6 (연남동) 1,2층",준무,,이자카야,0,0,0,0,0,0
297,"서울특별시 서대문구 신촌로 9 (창천동)",아메노히커피점,,커피전문점,0,0,0,0,0,0
298,"서울특별시 마포구 동교로 262-11 (연남동) 1층",연미정,,일식,0,0,0,0,0,0
299,"서울특별시 마포구 월드컵북로4길 30 (동교동)",빵나무,,베이커리,0,0,0,0,0,0
300,"서울특별시 마포구 와우산로29바길 20 (서교동) 2층",누바,,호프,0,0,0,0,0,0
301,"서울특별시 마포구 성미산로29안길 19-5 (연남동)",산왕반점,,일반중식,0,0,0,0,0,0
302,"서울특별시 마포구 월드컵북로6길 82 (동교동) 신한빌딩 1층",프랑스포차부부드꼼뜨와,,"프렌치비스트로,프랑스식",0,0,0,0,0,0
303,"서울특별시 마포구 독막로3길 30 (서교동) 에이치포빌딩 2층",우마담,,한우오마카세,0,0,0,0,0,0
304,"서울특별시 마포구 월드컵로10길 15 (서교동)",홍대카레츠,,"오므라이스,일식돈가스",0,0,0,0,0,0
305,"서울특별시 마포구 연희로1길 43 (연남동) 1층 101호",서양면옥,,양식,0,0,0,0,0,0
306,"서울특별시 마포구 연희로1길 19 (동교동)",심야식당하스,,"일본가정식,이자카야",0,0,0,0,0,0
307,"서울특별시 마포구 성미산로29안길 27-6 (연남동)",란콰이진,,홍콩식주점,0,0,0,0,0,0
308,"서울특별시 마포구 동교로51길 3 (연남동) 1층",아꽁뜨,,디저트전문점,0,0,0,0,0,0
309,"서울특별시 마포구 와우산로 29-8 (상수동)",브렛피자,,피자,0,0,0,0,0,0
310,"서울특별시 마포구 동교로29길 50 (연남동)",연남동벚꽃집,,카페,0,0,0,0,0,0
311,"서울특별시 마포구 연희로1길 55 (연남동)",해브,,양식,0,0,0,0,0,0
312,"서울특별시 마포구 성미산로17길 85 (연남동) 1층",히포브런치하우스,,브런치카페,0,0,0,0,0,0
313,"서울특별시 마포구 동교로 262-9 (연남동) 1층 치플레",치플레,,케이크,0,0,0,0,0,0
314,"서울특별시 마포구 월드컵북로4길 44 (동교동) JK빌딩 1층",젤라떼리아에따,,젤라토,0,0,0,0,0,0
315,"서울특별시 마포구 동교로 227-7 (연남동)",스시지현,,스시,0,0,0,0,0,0
316,"서울특별시 마포구 양화로19길 22 (동교동)",비스트로고트,,"파스타,이탈리아식",0,0,0,0,0,0
317,"서울특별시 마포구 와우산로13길 49-7 (상수동)",경주식당,,"퓨전한식,덮밥,일반한식",0,0,0,0,0,0
318,"서울특별시 마포구 양화로 156 (동교동) LG팰리스빌딩 지하 1층 푸드코트",평안도상원냉면,,평양냉면,0,0,0,0,0,0
319,"서울특별시 마포구 와우산로29바길 5-3 (서교동)",쿠바왕,,"쿠바식,펍",0,0,0,0,0,0
320,"서울특별시 마포구 성지1길 6 (합정동) 2층",그릭조이,,그리스식,0,0,0,0,0,0
321,"서울특별시 마포구 연남로5길 9 (연남동)",비뮤티서울,,카페,1,0,0,0,0,0
322,"서울특별시 마포구 독막로3길 38 (서교동)",합정초밥집,,스시,1,0,0,0,0,0
323,"서울특별시 마포구 양화로8길 16-9 (서교동)",엘로커피바,,카페,1,0,0,0,0,0
324,"서울특별시 마포구 와우산로 77 (서교동) 1층",홍대교도리,,"닭발,한식주점",1,0,0,0,0,0
325,"서울특별시 마포구 와우산로 137 (서교동)",이화누룽지삼계탕,,삼계탕,1,0,0,0,0,0
326,"서울특별시 마포구 독막로3길 27 (서교동)",주락간,,한식주점,1,0,0,0,0,0
327,"서울특별시 마포구 동교로38안길 22 (연남동)",수수연남,,모던한식,1,0,0,0,0,0
328,"서울특별시 마포구 동교로50길 25 (연남동) 우측 2호",하이아시아,,"이자카야,중식주점",1,0,0,0,0,0
329,"서울특별시 마포구 동교로 269 (연남동) MH빌딩 1,2층",더레어,,마카롱,1,0,0,0,0,0
330,"서울특별시 마포구 동교로34길 14 (연남동) 1층",술비연남,,퓨전,1,0,0,0,0,0
331,"서울특별시 마포구 월드컵북로6길 81 (연남동) 2층",메디아루나,,중남미식,1,0,0,0,0,0
332,"서울특별시 마포구 동교로38길 34 (연남동) 1층",우마이당고,,,1,0,0,0,0,0
333,"서울특별시 마포구 동교로34길 11 (연남동) 1, 2층",우삼집,,"소고기구이,돼지고기구이",1,0,0,0,0,0
334,"서울특별시 마포구 월드컵북로6길 88 (동교동)",요쇼쿠야코우,,"일식,함박스테이크",1,0,0,0,0,0
335,"서울특별시 마포구 동교로38길 27-5 (연남동) 4층",더스테이크쥬벤쿠바,,양식,1,0,0,0,0,0
336,"서울특별시 마포구 성미산로29길 30 (연남동)",해옫연남,,브런치카페,1,0,0,0,0,0
337,"서울특별시 마포구 동교로 155 (서교동) 한백빌딩",치쿠린서울,,야키토리,1,0,0,0,0,0
338,"서울특별시 마포구 월드컵북로 24 (동교동)",소각,,카페,1,0,0,0,0,0
339,"서울특별시 마포구 어울마당로 136-18 (서교동) 은진빌딩",시암테이블,,태국식,1,0,0,0,0,0
340,"서울특별시 마포구 동교로27길 21 (동교동) 영진빌딩",키움참치,,참치,0,1,0,0,0,0
341,"서울특별시 마포구 연남로 15 (연남동) 1층",사루카메,,라멘,0,1,0,0,0,0
342,"서울특별시 마포구 동교로46길 42-9 (연남동)",르누아즈,,디저트전문점,1,0,0,0,0,0
343,"서울특별시 마포구 동교로 238-1 (연남동)",경양카츠,,일식돈가스,0,1,0,0,0,0
344,"서울특별시 마포구 성미산로 190-4 (연남동) 2층",오복수산,,카이센동,0,1,0,0,0,0
345,"서울특별시 마포구 동교로 220-7 (동교동) 101호",중화복춘,,일반중식,1,0,0,0,0,0
346,"서울특별시 마포구 양화로23길 10-8 (동교동)",glt젤라또,,젤라토,1,0,0,0,0,0
347,"서울특별시 마포구 동교로30길 17-1 (동교동) 101호",랑빠스81,,"프랑스식,샤퀴테리",0,1,0,0,0,0
348,"서울특별시 마포구 동교로34길 12 (연남동) 2층",진가,,"중식주점,일반중식",1,0,0,0,0,0
349,"서울특별시 마포구 양화로19길 22-16 (동교동) 유티엘동교빌딩 1층",17도씨,,초콜릿,1,0,0,0,0,0
350,"서울특별시 마포구 성미산로17길 4 (연남동)",빠끼또,,"타파스바,스페인식",0,1,0,0,0,0
351,"서울특별시 마포구 동교로 267 (연남동)",소이연남,,태국식,0,1,0,0,0,0
352,"서울특별시 마포구 연남로 4-1 (연남동)",최사장네닭,,"닭곰탕,닭볶음탕,닭수육",0,1,0,0,0,0
353,"서울특별시 마포구 동교로25길 7 (동교동)",이미커피,,"커피전문점,디저트전문점",1,0,0,0,0,0
354,"서울특별시 마포구 성미산로 193 (연남동)",향미,,"중국만두,대만식중식",0,1,0,0,0,0
355,"서울특별시 마포구 연남로3길 34 (연남동)",진어참치,,참치,1,0,0,0,0,0
356,"서울특별시 마포구 동교로 182-6 (동교동)",불이아,,"훠궈,사천식중식",0,1,0,0,0,0
357,"서울특별시 마포구 와우산로29다길 11-1 (서교동)",트레머커피웍스,,커피전문점,1,0,0,0,0,0
358,"서울특별시 마포구 독막로19길 32 (상수동) 1층",도덕과규범,,커피전문점,1,0,0,0,0,0
359,"서울특별시 마포구 와우산로29가길 84 (서교동)",아트스페이스우월,,한우오마카세,0,1,0,0,0,0
360,"서울특별시 마포구 어울마당로3길 5-6 (합정동)",그로니,,커피전문점,1,0,0,0,0,0
361,"서울특별시 마포구 성지길 60 (합정동)",커넥츠커피,,커피전문점,1,0,0,0,0,0
362,"서울특별시 마포구 와우산로23길 18-7 (서교동) 202호",이츠모라멘,,라멘,0,1,0,0,0,0
363,"서울특별시 마포구 서강로9길 60 (창전동)",산울림1992,,"한식주점,막걸리전문점",1,0,0,0,0,0
364,"서울특별시 마포구 독막로15길 3-13 (상수동) 2층",츄리츄리,,이탈리아식,0,1,0,0,0,0
365,"서울특별시 마포구 양화로18안길 36 (동교동)",밀로커피로스터스,,커피전문점,1,0,0,0,0,0
366,"서울특별시 마포구 독막로7길 51 (서교동) 3층",오리지널시카고피자,,미국식피자,0,1,0,0,0,0
367,"서울특별시 마포구 와우산로 41 (상수동)",구스토타코,,멕시코식,0,1,0,0,0,0
368,"경기도 양평군 서종면 북한강로 819 (서종면)",프란로칼,,이탈리아식,1,0,0,0,0,0
369,"서울특별시 마포구 어울마당로 128 (서교동) 2층",츄로101,,츄러스,0,0,0,0,0,0
370,"서울특별시 마포구 홍익로2길 27-20 (서교동)",오비야,,"일식우동,소바",0,0,0,0,0,0
371,"서울특별시 마포구 와우산로29바길 20 (서교동)",말릭커피,,커피전문점,0,0,0,0,0,0
372,"서울특별시 마포구 성미산로 161-8 (연남동)",툭툭누들타이,,태국식,0,2,0,0,0,0
373,"서울특별시 마포구 성미산로32길 20-5 (연남동)",커피리브레,,커피전문점,2,0,0,0,0,0
374,"서울특별시 마포구 와우산로30길 80 (창전동)",미로식당,,"모던한식,한식주점",2,0,0,0,0,0
375,"서울특별시 서대문구 연희로11길 56 (연희동)",폴앤폴리나,,베이커리,2,0,0,0,0,0
376,"서울특별시 마포구 성지길 39 (합정동) 합정빌딩 1층",교다이야,,일식우동,0,2,0,0,0,0
377,"서울특별시 마포구 성미산로 165-1 (연남동)",야키도리묵,,"야키토리,일식오마카세",0,2,0,0,0,0
378,"서울특별시 마포구 성미산로23길 62 (연남동)",피에트라,,젤라토,2,0,0,0,0,0
379,"서울특별시 마포구 월드컵북로2길 86 (동교동)",락희돈,,쿠시야키,0,2,0,0,0,0
380,"서울특별시 마포구 어울마당로5길 29 (서교동) 건우상가주택",빠넬로,,"피자,파스타,이탈리아식",0,2,0,0,0,0
381,"서울특별시 마포구 와우산로 39-21 (상수동)",펠앤콜,,아이스크림,2,0,0,0,0,0
382,"서울특별시 마포구 양화로6길 28 (합정동) 2층",스파카나폴리,,피자,0,2,0,0,0,0
383,"서울특별시 마포구 독막로19길 43 (상수동)",하카다분코,,라멘,0,2,0,0,0,0
384,"경기도 고양시 일산동구 고양대로 1032 (식사동)",동무밥상,,"평양냉면,이북음식",2,0,0,0,0,0
385,"서울특별시 마포구 와우산로3길 13 (상수동)",쿠시무라,,야키토리,1,0,0,0,0,0
386,"서울특별시 마포구 어울마당로 39 (서교동) 2층",겐로쿠우동,,일식우동,0,1,0,0,0,0
387,"서울특별시 마포구 독막로7길 51 (서교동)",피오니,,케이크,1,0,0,0,0,0
388,"서울특별시 마포구 성지길 58 (합정동)",파스텔커피웍스,,커피전문점,1,0,0,0,0,0
389,"서울특별시 마포구 연남로 35 (연남동) 2층",리이슈커피로스터스,,커피전문점,1,0,0,0,0,0
390,"서울특별시 마포구 잔다리로3안길 44 (서교동)",이치류,,일식징기스칸,0,1,0,0,0,0
391,"서울특별시 마포구 동교로 257 (연남동)",몽중식,,일반중식,0,1,0,0,0,0
392,"서울특별시 마포구 성미산로 197 (연남동)",송가,,중식주점,1,0,0,0,0,0
393,"서울특별시 마포구 와우산로27길 70 (서교동) 2층",산띠,,"인도식,네팔식",0,1,0,0,0,0
394,"서울특별시 마포구 동교로 241-1 (연남동)",월강부산돼지국밥,,"돼지국밥,수육",0,1,0,0,0,0
395,"서울특별시 마포구 양화로16길 33 (서교동)",도마,,소고기구이,0,1,0,0,0,0
396,"서울특별시 마포구 독막로 68 (상수동) 2층",맛이차이나,,일반중식,0,1,0,0,0,0
397,"서울특별시 마포구 성미산로 194 (연남동) 대원빌딩 1층",시실리,,해물포차,1,0,0,0,0,0
398,"서울특별시 마포구 와우산로23길 50 (서교동) 2층",하카타나카,,일식,0,1,0,0,0,0
399,"서울특별시 마포구 성미산로 25 (성산동)",베이커리봉교,,베이커리,1,0,0,0,0,0
400,"서울특별시 마포구 백범로31길 7 (공덕동) 101동 1층 B119호",팩토리정,,위스키바,1,0,0,0,0,0
401,"서울특별시 서대문구 연희로 36 (연희동)",편의방,,중국만두,0,1,0,0,0,0
402,"서울특별시 마포구 동교로 162 (서교동)",안동한우마을,,소고기구이,0,1,0,0,0,0
403,"서울특별시 마포구 동교로 265 (연남동) 옥순빌딩 4층",니시무라멘,,라멘,0,1,0,0,0,0
404,"서울특별시 마포구 동교로51길 131 (연남동)",썸모어델리,,브런치카페,0,0,0,0,0,0
405,"서울특별시 마포구 양화로23길 28 (동교동) 3층",비포블루밍,,케이크,0,0,0,0,0,0
406,"서울특별시 마포구 동교로51길 129-4 (연남동) 3층",젠틀키친,,양식,0,0,0,0,0,0
407,"서울특별시 마포구 동교로 262-9 (연남동) 2층",레이트체크아웃,,와인바,0,0,0,0,0,0
408,"서울특별시 마포구 양화로19길 22-30 (동교동) 1층",틸애프터,,"파스타,뇨키",0,0,0,0,0,0
409,"서울특별시 마포구 성미산로 122 (연남동) 1층",모이정,,"야키토리,이자카야",0,0,0,0,0,0
410,"서울특별시 마포구 성미산로27길 70 (연남동)",커피냅로스터스,,커피전문점,0,0,0,0,0,0
411,"서울특별시 마포구 성미산로 165-6 (연남동) 동보빌딩 1층",업투미,,호주식,0,0,0,0,0,0
412,"서울특별시 마포구 연희로 11 (동교동) 한국특허기술진흥원빌딩 1층",카페공명,,"카페,스콘",0,0,0,0,0,0
413,"서울특별시 마포구 동교로38길 19 (연남동) 2.5층",수을관,,한식주점,0,0,0,0,0,0
414,"서울특별시 마포구 성미산로 190-3 (연남동) 지층",한술식당,,덮밥,0,0,0,0,0,0
415,"서울특별시 마포구 동교로25길 28 (동교동)",레드플랜트,,카페,0,0,0,0,0,0
416,"서울특별시 마포구 동교로25길 53 (연남동)",세빠띠,,"케이크,구움과자",0,0,0,0,0,0
417,"서울특별시 마포구 성미산로26길 8 (연남동) 올인빌라 1층",마카롱롱롱,,마카롱,0,0,0,0,0,0
418,"서울특별시 마포구 동교로50길 25 (연남동)",아트와떵,,"프랑스식,와인바",0,0,0,0,0,0
419,"서울특별시 마포구 연희로 29 (동교동)",태국수,,태국식,0,0,0,0,0,0
420,"서울특별시 마포구 동교로39길 8 (연남동) 1-2층",코이크,,"케이크,카페",0,0,0,0,0,0
421,"서울특별시 마포구 월드컵북로4길 13 (동교동) 성명빌딩 2층",낙곱새미장원,,"낙지,곱창전골",0,0,0,0,0,0
422,"서울특별시 마포구 동교로51안길 24 (연남동)",라보아르,,디저트전문점,0,0,0,0,0,0
423,"서울특별시 마포구 동교로36길 3 (연남동)",초이다이닝,,후토마키,0,0,0,0,0,0
424,"서울특별시 마포구 동교로41길 10 (연남동) 에벤에셀빌딩 1층",서울페이스트리,,"페이스트리,카페",0,0,0,0,0,0
425,"서울특별시 서대문구 연희로 32-1 (창천동)",시누아즈,,"아시아식,와인바",0,0,0,0,0,0
426,"서울특별시 마포구 동교로38길 35 (연남동)",다레젤라또,,젤라토,0,0,0,0,0,0
427,"서울특별시 마포구 동교로 266-10 (연남동)",카페밀노,,카페,0,0,0,0,0,0
428,"서울특별시 마포구 동교로38길 27 (연남동) 2층",양식구옥,,"피자,파스타",0,0,0,0,0,0
429,"서울특별시 마포구 성미산로 190-31 (연남동)",수상한키친,,"연어전문점,일식",0,0,0,0,0,0
430,"서울특별시 마포구 성미산로29길 40-15 (연남동)",옥자,,베트남식,0,0,0,0,0,0
431,"서울특별시 마포구 양화로23길 10-9 (동교동) 1층",베어스덴베이커리,,베이커리,0,0,0,0,0,0
432,"서울특별시 마포구 성미산로29길 5 (연남동)",피프에스프레소바,,"에스프레소바,커피전문점",0,0,0,0,0,0
433,"서울특별시 마포구 연남로3길 33 (연남동) 1층",566라멘,,라멘,0,0,0,0,0,0
434,"서울특별시 마포구 성미산로31길 14 (연남동) 어쩌다집 1층",잇다프로젝트,,이탈리아식,0,0,0,0,0,0
435,"서울특별시 마포구 성미산로23길 68 (연남동)",땡스오트연남,,"요거트,카페",0,0,0,0,0,0
436,"서울특별시 마포구 동교로 247 (연남동)",랜디스도넛,,도넛,0,0,0,0,0,0
437,"서울특별시 마포구 연희로 1-1 (동교동)",콘하스연남,,"커피전문점,베이커리",0,0,0,0,0,0
438,"서울특별시 마포구 성미산로 161-4 (연남동)",레이어드,,"스콘,카페,베이커리",0,0,0,0,0,0
439,"서울특별시 마포구 월드컵북로6길 61 (연남동)",토마,,"퓨전일식,일식덮밥,파스타",0,0,0,0,0,0
440,"서울특별시 마포구 양화로19길 22-20 (동교동) 1층",크레미뇽,,마카롱,0,0,0,0,0,0
441,"서울특별시 마포구 동교로27길 74 (연남동)",작가식당,,닭볶음탕,0,0,0,0,0,0
442,"서울특별시 마포구 동교로 226 (동교동)",버터베이커리,,베이커리,0,0,0,0,0,0
443,"서울특별시 마포구 동교로38길 26-7 (연남동)",바람커피,,커피전문점,0,0,0,0,0,0
444,"서울특별시 마포구 연희로1길 65 (연남동)",연교,,"중국만두,일반중식",0,0,0,0,0,0
445,"서울특별시 마포구 동교로46길 24-4 (연남동) 2층",포가,,일반중식,0,0,0,0,0,0
446,"서울특별시 마포구 성미산로 122-1 (연남동)",연남살롱,,"카페,빙수",0,0,0,0,0,0
447,"서울특별시 마포구 성미산로 189 (연남동)",테일러커피,,커피전문점,0,0,0,0,0,0
448,"서울특별시 마포구 동교로38안길 5 (연남동)",리틀파파포,,베트남식,0,0,0,0,0,0
449,"서울특별시 마포구 연남로 59-1 (연남동)",피오니,,디저트전문점,0,0,0,0,0,0
450,"서울특별시 마포구 연희로1길 21 (동교동)",낙랑파라,,카페,0,0,0,0,0,0
451,"서울특별시 마포구 연남로 11 (연남동)",배꼽시계,,일반한식,0,0,0,0,0,0
452,"서울특별시 마포구 성미산로22길 23 (연남동)",유어로스팅파크,,커피전문점,0,0,0,0,0,0
453,"서울특별시 마포구 성미산로 100 (연남동)",연희동할머니네,,생선구이,0,0,0,0,0,0
454,"서울특별시 마포구 동교로38길 30 (연남동) 2층",폴리스팬케이크,,"카페,팬케이크",0,0,0,0,0,0
455,"서울특별시 마포구 동교로38길 23 (연남동) j2빌딩 2층",신군신양,,펍,0,0,0,0,0,0
456,"서울특별시 마포구 연남로 25 (연남동)",감나무집기사식당,,"백반,돼지불고기",0,0,0,0,0,0
457,"서울특별시 마포구 동교로 278 (연남동)",라온디,,초콜릿,0,0,0,0,0,0
458,"서울특별시 마포구 동교로38길 27-19 (연남동)",데일리라운드,,햄버거,0,0,0,0,0,0
459,"서울특별시 마포구 동교로27길 20 (동교동)",마포곱창타운,,"돼지막창,돼지곱창",0,0,0,0,0,0
460,"서울특별시 마포구 동교로 209 (동교동)",딥커피,,카페,0,0,0,0,0,0
461,"서울특별시 마포구 성미산로26길 42 (연남동)",옥타,,이자카야,0,0,0,0,0,0
462,"서울특별시 마포구 동교로30길 17-1 (동교동)",해달밥술,,"한식주점,일반한식",0,0,0,0,0,0
463,"서울특별시 마포구 양화로19길 18 (동교동)",족발예찬,,족발,0,0,0,0,0,0
464,"서울특별시 마포구 월드컵북로6길 98 (동교동)",카페그랑,,카페,0,0,0,0,0,0
465,"서울특별시 마포구 성미산로 161-6 (연남동)",슬런치팩토리,,"비건,다이어트식",0,0,0,0,0,0
466,"서울특별시 마포구 동교로 201 (동교동)",뽀르뚜아과자점,,"타르트,베이커리",0,0,0,0,0,0
467,"서울특별시 마포구 동교로27길 62 (연남동)",오군수제고로케,,고로케,0,0,0,0,0,0
468,"서울특별시 마포구 동교로 208 (동교동)",교동집,,주꾸미,0,0,0,0,0,0
469,"서울특별시 마포구 월드컵북로 18 (동교동)",부산집,,장어,0,0,0,0,0,0
470,"서울특별시 마포구 동교로 245 (연남동)",송가네감자탕,,"감자탕,보쌈",0,0,0,0,0,0
471,"서울특별시 마포구 월드컵북로4길 25 (동교동)",라룬비올렛,,프랑스식,0,0,0,0,0,0
472,"서울특별시 마포구 성미산로 197 (연남동)",이노시시,,이자카야,0,0,0,0,0,0
473,"서울특별시 마포구 월드컵북로5가길 17 (서교동) 1층",전여친떡볶이,,"떡볶이,퓨전",0,0,0,0,0,0
474,"서울특별시 마포구 동교로 186-1 (동교동)",흠식당,,컨템포러리,0,0,0,0,0,0
475,"서울특별시 마포구 와우산로29길 48-6 (서교동)",탐탐오향족발,,족발,0,0,0,0,0,0
476,"서울특별시 마포구 잔다리로6길 25 (서교동) 재륜빌딩",강강술래,,"소고기구이,소갈비",0,0,0,0,0,0
477,"서울특별시 마포구 독막로2길 10 (합정동) 1층",피쉬버켓,,포케,0,0,0,0,0,0
478,"서울특별시 마포구 와우산로13길 49-11 (상수동) 반지층",네코노유부,,"우동,퓨전한식",0,0,0,0,0,0
479,"서울특별시 마포구 와우산로17길 26 (서교동) 1층",소금제면소,,라멘,0,0,0,0,0,0
480,"서울특별시 마포구 홍익로 3-3 (서교동) 2층",한월,,한식주점,0,0,0,0,0,0
481,"서울특별시 마포구 양화로6길 67 (서교동)",키친485합정,,이탈리아식,0,0,0,0,0,0
482,"서울특별시 마포구 양화로 144 (동교동) 4층",티엔미미,,"딤섬,홍콩식중식",0,0,0,0,0,0
483,"서울특별시 마포구 독막로15길 3-14 (상수동) 요셉빌딩",멕시카고타코23,,멕시코식,0,0,0,0,0,0
484,"서울특별시 마포구 양화로 140 (동교동) 디큐브빌딩 11층",스페이스결,,모던한식,0,0,0,0,0,0
485,"서울특별시 마포구 양화로8길 16-12 (서교동)",안짱,,이자카야,0,0,56,5,0,0
486,"서울특별시 마포구 잔다리로6길 20-9 (서교동) 로이스퀘어 1층, B1층",더블유오앤,,카페,0,0,0,0,0,0
487,"서울특별시 마포구 양화로6길 99-10 (서교동)",합정냉장고,,돼지고기구이,0,0,0,0,0,0
488,"서울특별시 마포구 토정로2길 6-9 (합정동)",교호,,와인바,0,0,0,0,0,0
489,"서울특별시 마포구 양화로6길 103 (서교동) 1층",제비집,,돼지고기구이,0,0,0,0,0,0
490,"서울특별시 마포구 어울마당로 111-1 (동교동)",장인닭갈비,,닭갈비,0,0,0,0,0,0
491,"서울특별시 마포구 와우산로11길 9 (상수동)",스탠스커피,,카페,0,0,0,0,0,0
492,"서울특별시 마포구 어울마당로5길 50 (서교동) 씨케이21",오스테리아리오,,이탈리아식,0,0,325,5,0,0
493,"서울특별시 마포구 토정로 45 (합정동)",올더어글리쿠키,,"쿠키,베이커리",0,0,0,0,0,0
494,"서울특별시 마포구 독막로8길 30 (합정동)",해옫합정,,브런치카페,0,0,0,0,0,0
495,"서울특별시 마포구 독막로3길 24-11 (서교동) 지하1층",쿠시카츠오지상,,"쿠시카츠,이자카야",0,0,0,0,0,0
496,"서울특별시 마포구 성지길 48 (합정동) 1층",고쿠노야,,라멘,0,0,0,0,0,0
497,"서울특별시 마포구 와우산로 39-13 (상수동) 2층",낫띵뉴,,카페,0,0,0,0,0,0
498,"서울특별시 마포구 와우산로32길 5 (서교동)",홍대원조통골뱅이,,"골뱅이,한식주점",0,0,0,0,0,0
499,"서울특별시 마포구 양화로18안길 26-5 (동교동) 1층",윤이불닭발,,닭발,0,0,0,0,0,0
500,"서울특별시 마포구 어울마당로 129-1 (동교동)",참새방앗간,,한식주점,0,0,0,0,0,0
501,"서울특별시 마포구 토정로 28-8 (합정동) 1층",라라와케이,,와인바,0,0,0,0,0,0
502,"서울특별시 마포구 독막로3길 28-20 (서교동) 1층",카페레터,,"카페,크루아상",0,0,0,0,0,0
503,"서울특별시 마포구 어울마당로 123 (동교동)",새벽,,한식주점,0,0,0,0,0,0
504,"서울특별시 마포구 독막로9길 28 (서교동) 실버스톤II",서교동의봄,,양식,0,0,482,5,0,0
505,"서울특별시 마포구 어울마당로 71 (서교동)",작가,,한식주점,0,0,0,0,0,0
506,"서울특별시 마포구 양화로 58 (서교동) 명지빌드웰 1층",마포오리농장,,"오리,오리주물럭",0,0,0,0,0,0
507,"서울특별시 마포구 와우산로 155 (서교동)",츄베릅,,"츄러스,베이글",0,0,0,0,0,0
508,"서울특별시 마포구 어울마당로 140 (서교동) 1층",육전국밥,,"소고기국밥,육전,막국수",0,0,0,0,0,0
509,"서울특별시 마포구 와우산로3안길 2 (상수동) 에프하우스 1, 2층",후쿠란,,"이자카야,스시",0,0,0,0,0,0
510,"서울특별시 마포구 어울마당로 115-1 (동교동)",킹콩포차,,한식주점,0,0,0,0,0,0
511,"서울특별시 마포구 양화로16길 19 (서교동)",육몽,,"돼지고기구이,소고기구이",0,0,0,0,0,0
512,"서울특별시 마포구 잔다리로6길 10 (서교동) 더 마운드",청돈옥,,돼지고기구이,0,0,0,0,0,0
513,"서울특별시 마포구 독막로7길 20 (서교동) 1층",몽주방,,한식주점,0,0,0,0,0,0
514,"서울특별시 마포구 양화로6길 14 (합정동) 2층",정육도,,소고기구이,0,0,0,0,0,0
515,"서울특별시 마포구 양화로 50 (합정동)",신김치생삼겹살,,돼지고기구이,0,0,0,0,0,0
516,"서울특별시 마포구 독막로5길 5 (합정동) 2층",토끼다이닝,,한식주점,0,0,0,0,0,0
517,"서울특별시 마포구 독막로 70 (상수동)",두옹즈,,젤라토,0,0,0,0,0,0
518,"서울특별시 마포구 독막로15길 24 (상수동) 코휘드빌딩",몽슈와,,디저트전문점,0,0,0,0,0,0
519,"서울특별시 마포구 와우산로27길 17 (서교동)",제로카페,,카페,0,0,0,0,0,0
520,"서울특별시 마포구 독막로 36 (합정동) 1층",베니베이크,,구움과자,0,0,0,0,0,0
521,"서울특별시 마포구 와우산로 39-21 (상수동) 지1층 좌측호",찜이로닭,,찜닭,0,0,0,0,0,0
522,"서울특별시 마포구 와우산로27길 20 (서교동) 노아빌딩 1층",베리블리스,,"디저트전문점,브런치카페",0,0,0,0,0,0
523,"서울특별시 마포구 와우산로27길 62 (서교동) 2층",증증일상,,"샤오룽바오,중국만두",0,0,0,0,0,0
524,"서울특별시 마포구 성지3길 19 (합정동) 아진빌딩 2층",식선,,일식오마카세,0,0,811,5,0,0
525,"서울특별시 마포구 독막로14길 31 (상수동) 1층",라멘트럭,,라멘,0,0,0,0,0,0
526,"서울특별시 마포구 토정로 28-7 (합정동)",데빌스바지니코,,"피자,파스타",0,0,0,0,0,0
527,"서울특별시 마포구 어울마당로 136-9 (서교동) 1층",비틀버그,,사탕,0,0,0,0,0,0
528,"서울특별시 마포구 신촌로2길 5-14 (동교동) 1층",틸로스터스,,커피전문점,0,0,0,0,0,0
529,"서울특별시 마포구 토정로 33-1 (합정동) 1층",익스첼,,멕시코식,0,0,271,5,0,0
530,"서울특별시 마포구 와우산로29마길 6 (서교동) 1층",쓰나미라멘,,라멘,0,0,0,0,0,0
531,"서울특별시 마포구 독막로14길 27 (상수동)",펠리칸카페,,카페,0,0,0,0,0,0
532,"서울특별시 마포구 와우산로17길 11-8 (서교동) 1층, 2층, 3층",카페공명,,카페,0,0,0,0,0,0
533,"서울특별시 마포구 양화로18안길 15 (동교동) 1층",레이몬드,,"미국식,미국식피자",0,0,0,0,0,0
534,"서울특별시 마포구 잔다리로6길 25 (서교동) 재륜빌딩 지하1층",만평우동,,"일식우동,일식덮밥",0,0,0,0,0,0
535,"서울특별시 마포구 독막로2길 34 (합정동)",아소토,,이자카야,0,0,0,0,0,0
536,"서울특별시 마포구 와우산로 66 (서교동)",신주양꼬치,,양꼬치,0,0,0,0,0,0
537,"서울특별시 마포구 독막로9길 43 (서교동) 코마빌딩 1층",미티,,"다이닝바,와인바",0,0,0,0,0,0
538,"서울특별시 마포구 양화로6길 10 (합정동) 2층",스키야키201,,"스키야키,일식샤부샤부",0,0,0,0,0,0
539,"서울특별시 마포구 토정로3안길 25 (합정동)",오티디서울,,바,0,0,0,0,0,0
540,"서울특별시 마포구 와우산로13길 49-11 (상수동)",카츠닉,,일식돈가스,0,0,0,0,0,0
541,"서울특별시 마포구 와우산로 39-14 (상수동)",보글,,다이닝바,0,0,0,0,0,0
542,"서울특별시 마포구 와우산로29길 64 (서교동)",멘지,,라멘,0,0,0,0,0,0
543,"서울특별시 마포구 성지길 51 (합정동) 해명빌딩",만유인력,,커피전문점,0,0,0,0,0,0
544,"서울특별시 마포구 양화로18안길 17 (동교동) 홍익빌딩 1층",동교해물,,해물포차,0,0,0,0,0,0
545,"서울특별시 마포구 홍익로6길 52 (동교동)",일편등심,,소고기구이,0,0,0,0,0,0
546,"서울특별시 마포구 독막로15길 5 (상수동) 102호",한석화,,"비빔밥,솥밥",0,0,0,0,0,0
547,"서울특별시 마포구 독막로19길 20-6 (상수동)",플레이트946,,"파스타,이탈리아식",0,0,0,0,0,0
548,"서울특별시 마포구 독막로 84 (상수동) 1층",버들골이야기,,해물포차,0,0,0,0,0,0
549,"서울특별시 마포구 양화로 128 (서교동) 1층",청기와타운,,"소고기구이,소갈비",0,0,0,0,0,0
550,"서울특별시 마포구 와우산로29마길 12 (서교동)",비스트로세노,,"파스타,이탈리아식",0,0,0,0,0,0
551,"서울특별시 마포구 독막로14길 24 (상수동)",루시드서울,,"비건,브런치카페",0,0,0,0,0,0
552,"서울특별시 마포구 홍익로 7 (서교동) 소망빌딩 지하1층",이빠네마그릴,,브라질식,0,0,0,0,0,0
553,"서울특별시 마포구 와우산로37길 42 (동교동) 2층",쥬마뺄,,디저트전문점,0,0,0,0,0,0
554,"서울특별시 마포구 독막로9길 31 (서교동) SPACE",카레시,,수프카레,0,0,0,0,0,0
555,"서울특별시 마포구 어울마당로1길 16 (합정동)",퍼셉션,,카페,0,0,0,0,0,0
556,"서울특별시 마포구 독막로8길 33-5 (합정동)",실루엣커피,,카페,0,0,0,0,0,0
557,"서울특별시 마포구 와우산로15길 37 (서교동) 예건텔 지하1층",줄라이13,,"파스타,이탈리아식",0,0,0,0,0,0
558,"서울특별시 마포구 와우산로29길 14-12 (서교동)",띵크프룻,,"과일카페,카페,브런치카페",0,0,0,0,0,0
559,"서울특별시 마포구 성지길 35 (합정동)",네즈,,이자카야,0,0,0,0,0,0
560,"서울특별시 마포구 와우산로23길 9 (서교동) 칼리오페 1층",츠케루,,라멘,0,0,0,0,0,0
561,"서울특별시 마포구 와우산로15길 40 (서교동) 101호",비스트로사랑방,,이탈리아식,0,0,0,0,0,0
562,"서울특별시 마포구 서강로11길 18 (창전동)",릴리우드,,디저트전문점,0,0,0,0,0,0
563,"서울특별시 마포구 와우산로29가길 13 (서교동) 2층",톤앤매너,,카페,0,0,0,0,0,0
564,"서울특별시 마포구 독막로2길 17 (합정동)",새검정,,커피전문점,0,0,0,0,0,0
565,"서울특별시 마포구 홍익로 25 (서교동)",에도마에텐동하마다,,텐동,0,0,0,0,0,0
566,"서울특별시 마포구 와우산로3길 15 (상수동)",하꼬,,"후토마키,이자카야",0,0,0,0,0,0
567,"서울특별시 마포구 와우산로 15-5 (상수동)",미식가주택,,한식주점,0,0,0,0,0,0
568,"서울특별시 마포구 양화로6길 13 (서교동)",고향집김치삼겹살,,"삼겹살,돼지고기구이",0,0,0,0,0,0
569,"서울특별시 마포구 와우산로29길 4-13 (서교동)",림가기,,"중국식국수,홍콩식중식",0,0,0,0,0,0
570,"서울특별시 마포구 독막로9길 9 (서교동)",바다포차시실리,,"해물포차,해물",0,0,0,0,0,0
571,"서울특별시 마포구 독막로 67-8 (상수동)",홍대삭,,분식,0,0,0,0,0,0
572,"서울특별시 마포구 잔다리로6길 20-6 (서교동)",브루브로스커피,,커피전문점,0,0,0,0,0,0
573,"서울특별시 마포구 독막로7길 22 (서교동)",개화기요정,,이자카야,0,0,0,0,0,0
574,"서울특별시 마포구 잔다리로6길 34-5 (서교동)",문숙이미나리식당,,일반한식,0,0,0,0,0,0
575,"서울특별시 마포구 홍익로5길 45 (서교동) 2층",크림LP바,,LP바,0,0,0,0,0,0
576,"서울특별시 마포구 와우산로15길 10 (서교동)",디스틸,,바,0,0,0,0,0,0
577,"서울특별시 마포구 토정로 35-1 (합정동)",빈브라더스,,커피전문점,0,0,0,0,0,0
578,"서울특별시 마포구 홍익로 3-11 (서교동)",고집,,백반,0,0,0,0,0,0
579,"서울특별시 마포구 양화로6길 38 (합정동)",쿠이신보,,쿠시야키,0,0,0,0,0,0
580,"서울특별시 마포구 어울마당로5길 42 (서교동)",로로11,,이탈리아식,0,0,0,0,0,0
581,"서울특별시 마포구 홍익로2길 27 (서교동)",두레차,,전통차전문점,0,0,0,0,0,0
582,"서울특별시 마포구 와우산로23길 14 (서교동) 오즈빌딩 102호",카페모노블록,,"카페,팬케이크",0,0,0,0,0,0
583,"서울특별시 마포구 양화로 122 (서교동)",옹다래찜닭,,찜닭,0,0,0,0,0,0
584,"서울특별시 마포구 와우산로29가길 79 (서교동) 1층",지로우라멘,,라멘,0,0,0,0,0,0
585,"서울특별시 마포구 와우산로 61-1 (서교동)",비닐,,바,0,0,0,0,0,0
586,"서울특별시 마포구 독막로3길 7 (합정동)",럭키스트라이크,,바,0,0,0,0,0,0
587,"서울특별시 마포구 와우산로15길 15 (서교동)",윤씨밀방,,퓨전,0,0,0,0,0,0
588,"서울특별시 마포구 양화로6길 38 (합정동) 3층",프리바다727,,"다이닝펍,펍",0,0,0,0,0,0
589,"서울특별시 마포구 와우산로29길 8 (서교동)",아오이토리,,"일본디저트,베이커리",0,0,0,0,0,0
590,"서울특별시 마포구 와우산로21길 36-6 (서교동)",혼가츠,,일식돈가스,0,0,0,0,0,0
591,"서울특별시 마포구 와우산로29마길 5 (서교동)",타파스나인,,타파스바,0,0,0,0,0,0
592,"서울특별시 마포구 와우산로21길 36-12 (서교동)",강수곱창,,돼지막창,0,0,0,0,0,0
593,"서울특별시 마포구 와우산로29마길 6 (서교동)",커피101,,커피전문점,0,0,0,0,0,0
594,"서울특별시 마포구 와우산로27길 74 (서교동)",달의계단,,카페,0,0,0,0,0,0
595,"서울특별시 마포구 잔다리로6길 28 (서교동)",코노미,,오코노미야키,0,0,0,0,0,0
596,"서울특별시 성동구 서울숲4길 18-7 (성수동1가)",플레이버타운,,퓨전중식,0,2,0,0,0,0
597,"서울특별시 성동구 뚝섬로15길 31 (성수동2가)",매튜,,컨템포러리,2,0,0,0,0,0
598,"서울특별시 성동구 성수이로14길 7 (성수동2가)",세스크멘슬,,"샤퀴테리,독일식",2,0,0,0,0,0
599,"서울특별시 성동구 왕십리로11길 7 (성수동1가)",다로베,,피자,0,2,0,0,0,0
600,"서울특별시 성동구 왕십리로 136 (성수동1가)",팩피,,파스타,0,2,0,0,0,0
601,"서울특별시 성동구 서울숲길 43 (성수동1가)",메쉬커피,,커피전문점,2,0,0,0,0,0
602,"서울특별시 종로구 계동길 5 (계동)",어니언,,"카페,베이커리",2,0,0,0,0,0
603,"서울특별시 마포구 마포대로 8 (마포동) 호텔 나루 서울 엠갤러리 22층",부아쟁,,"프랑스식,유럽식",2,0,0,0,0,0
604,"서울특별시 영등포구 국제금융로 10 (여의도동) IFC몰 L3층 306호",마마리다이닝,,"모던한식,퓨전한식",0,2,0,0,0,0
605,"서울특별시 성동구 아차산로7길 7 (성수동2가) 동진빌딩 1층",성수족발,,족발,1,0,0,0,0,0
606,"서울특별시 성동구 연무장길 28-20 (성수동2가) 1층",클래식해례커피,,커피전문점,1,0,0,0,0,0
607,"서울특별시 성동구 상원1길 22 (성수동1가) 1층 101호",문츠바베큐,,바비큐,1,0,0,0,0,0
608,"서울특별시 성동구 상원1길 26 (성수동1가) 서울숲A타워 101호~103호",대성갈비,,돼지갈비,0,1,0,0,0,0
609,"서울특별시 성동구 왕십리로16가길 10 (성수동1가) 1층",리커버리커피바,,커피전문점,1,0,0,0,0,0
610,"서울특별시 성동구 왕십리로 115 (성수동1가) 헤이그라운드 서울숲점 10층",디진테제하이카페,,커피전문점,1,0,0,0,0,0
611,"서울특별시 성동구 성수이로 97 (성수동2가) 5층",네기라이브,,일식오마카세,0,1,0,0,0,0
612,"서울특별시 성동구 광나루로9길 2 (송정동)",본작,,떡,1,0,0,0,0,0
613,"서울특별시 성동구 연무장5가길 22-1 (성수동2가)",브루잉세레모니,,커피전문점,1,0,0,0,0,0
614,"서울특별시 성동구 성수이로16길 27 (성수동2가) 1층",버치커피,,커피전문점,1,0,0,0,0,0
615,"서울특별시 성동구 성수이로26길 47 (성수동2가)",기미사,,커피전문점,1,0,0,0,0,0
616,"서울특별시 성동구 성수일로6길 7-1 (성수동2가)",중앙감속기,,퓨전중식,0,1,0,0,0,0
617,"서울특별시 성동구 연무장3길 6 (성수동2가)",로우키,,커피전문점,1,0,0,0,0,0
618,"서울특별시 성동구 성수이로 65 (성수동2가) 협성빌딩 102호",성수속향연,,일반중식,0,1,0,0,0,0
619,"서울특별시 성동구 서울숲2길 28-11 (성수동1가)",센터커피,,커피전문점,1,0,0,0,0,0
620,"서울특별시 성동구 성수일로4길 4 (성수동1가)",어메이징브루잉컴퍼니,,크래프트맥주바,1,0,0,0,0,0
621,"서울특별시 성동구 광나루로4가길 24 (성수동2가)",피어커피로스터스,,"커피전문점,디저트전문점",1,0,0,0,0,0
622,"서울특별시 성동구 왕십리로 96 (성수동1가)",밀도,,식빵,1,0,0,0,0,0
623,"서울특별시 종로구 경희궁길 36 (신문로2가)",렁팡스,,프랑스식,0,1,0,0,0,0
624,"서울특별시 서초구 서초대로53길 23 (서초동) 수성수빌딩 1층",쿤쏨차이,,태국식,0,1,0,0,0,0
625,"전라북도 익산시 하나로11길 32-7 (영등동) 훈하우스 1층",마띠나,,"이탈리아식,와인바",0,1,0,0,0,0
626,"서울특별시 서초구 남부순환로358길 8 (양재동)",영동족발,,족발,0,0,0,0,0,0
627,"서울특별시 성동구 성수이로20길 10 (성수동2가) 대한빌딩 101호",이북집찹쌀순대,,"순댓국,이북음식",0,0,0,0,0,0
628,"서울특별시 성동구 아차산로1길 9 (성수동1가)",카모플라쥬커피,,커피전문점,0,0,0,0,0,0
629,"서울특별시 성동구 광나루로2길 23-1 (성수동2가)",마리오네,,"피자,파스타,펍",0,0,0,0,0,0
630,"서울특별시 성동구 연무장5가길 26 (성수동2가)",탐광,,"일식덮밥,일식",0,0,0,0,0,0
631,"서울특별시 성동구 왕십리로10길 10 (성수동1가)",타코튜즈데이,,멕시코식,0,0,0,0,0,0
632,"서울특별시 성동구 아차산로1길 9 (성수동1가) 지하 1층",문화공간성수,,"와인바,재즈바",0,0,0,0,0,0
633,"서울특별시 성동구 서울숲4길 18-7 (성수동1가) 지층",케익바,,케이크,0,0,0,0,0,0
634,"서울특별시 성동구 왕십리로4길 28-2 (성수동1가) 1층 양복점 성수점",양복점,,"일반중식,양꼬치",0,0,0,0,0,0
635,"서울특별시 성동구 광나루로8길 9 (성수동2가)",말방국밥,,"뭉티기,소고기국밥",0,0,0,0,0,0
636,"서울특별시 성동구 왕십리로5길 9-10 (성수동1가) 1층",버섯집,,"소불고기,버섯전골",0,0,0,0,0,0
637,"서울특별시 성동구 서울숲2길 19-18 (성수동1가)",엘몰리노,,멕시코식,0,0,0,0,0,0
638,"서울특별시 성동구 성수일로 1 (성수동1가)",밋보어서울,,"다이닝바,브런치카페",0,0,0,0,0,0
639,"서울특별시 성동구 왕십리로 94-2 (성수동1가)",꾸아,,베트남식,0,0,0,0,0,0
640,"서울특별시 성동구 뚝섬로 366-46 (성수동1가) 1층 리브나",리브나,,다이닝바,0,0,0,0,0,0
641,"서울특별시 성동구 왕십리로4길 26-20 (성수동1가)",소바마에,,소바,0,0,0,0,0,0
642,"서울특별시 성동구 서울숲길 46-1 (성수동1가)",제제,,"모던차이니즈,딤섬",0,0,0,0,0,0
643,"서울특별시 성동구 왕십리로 58 (성수동1가) FORHU 1층 108호",소랑호젠,,이탈리아식,0,0,0,0,0,0
644,"서울특별시 성동구 성덕정3길 8 (성수동1가) 1층",계월곰탕,,닭곰탕,0,0,0,0,0,0
645,"서울특별시 성동구 서울숲4길 18-8 (성수동1가)",난포,,퓨전한식,0,0,0,0,0,0
646,"서울특별시 성동구 성수일로12길 23 (성수동2가)",전자방,,모던차이니즈,0,0,0,0,0,0
647,"서울특별시 성동구 왕십리로4길 28-2 (성수동1가)",로우커피스탠드,,커피전문점,0,0,0,0,0,0
648,"전북특별자치도 무주군 안성면 덕유산로 468-37 (안성면) 1층",정원산책,,카페,0,0,0,0,0,0
649,"경기도 용인시 수지구 만현로 82-6 (상현동)",신분당선숯불구이,,"소갈비,삼겹살,돼지갈비",0,0,0,0,0,0
650,"전북특별자치도 임실군 성수면 도인2길 50 (성수면)",화덕쿡,,피자,0,0,0,0,0,0
651,"전라북도 전주시 완산구 풍남문2길 39 (전동)",조점례남문피순대,,순대,0,0,0,0,0,0
652,"서울특별시 성동구 왕십리로 83-21 (성수동1가) 아크로 서울포레스트 디타워 지하 1층 B115, B116",커피스니퍼클래식,,커피전문점,1,0,0,0,0,0
653,"서울특별시 성동구 뚝섬로 427-15 (성수동2가)",지우관,,"대만식중식,딤섬",1,0,0,0,0,0
654,"서울특별시 성동구 서울숲4길 26 (성수동1가) 2층",안다미로팬케이크성수,,팬케이크,1,0,0,0,0,0
655,"서울특별시 성동구 상원1길 35-22 (성수동1가)",타코스퀘어,,멕시코식,1,0,0,0,0,0
656,"서울특별시 성동구 상원1길 35 (성수동1가)",팔레트커리,,인도식,1,0,0,0,0,0
657,"서울특별시 성동구 왕십리로2길 36 (성수동1가)",대엽성수,,평양냉면,1,0,0,0,0,0
658,"서울특별시 성동구 상원1길 35-22 (성수동1가)",주도,,"한식주점,일반한식",1,0,0,0,0,0
659,"서울특별시 성동구 상원1길 39 (성수동1가) 2층",스시도키,,스시,1,0,0,0,0,0
660,"서울특별시 성동구 연무장3길 3 (성수동2가)",타르트성수,,타르트,1,0,0,0,0,0
661,"서울특별시 성동구 뚝섬로9길 11-1 (성수동2가)",문문문,,"한식주점,비빔밥",1,0,0,0,0,0
662,"서울특별시 성동구 연무장18길 16 (성수동2가) 2층",마마리펍,,한식주점,1,0,0,0,0,0
663,"서울특별시 성동구 성수일로10길 12 (성수동2가) CF타워",라운지엑스24H,,카페,1,0,0,0,0,0
664,"서울특별시 성동구 서울숲4길 26-20 (성수동1가)",어반누크,,카페,1,0,0,0,0,0
665,"서울특별시 성동구 연무장3길 9-14 (성수동2가) 지하 1층",해설,,해물장,1,0,0,0,0,0
666,"서울특별시 성동구 성수이로12길 15 (성수동2가) 스케치테이블",스케치테이블성수,,"이탈리아식,샐러드,파스타",1,0,0,0,0,0
667,"서울특별시 성동구 연무장5길 6 (성수동2가) 2층",카페데이지크,,디저트전문점,1,0,0,0,0,0
668,"서울특별시 성동구 성수일로4길 35-12 (성수동2가)",커피냅로스터스,,커피전문점,1,0,0,0,0,0
669,"서울특별시 성동구 성수일로 20 (성수동1가)",뺑드에코,,베이커리,0,0,0,0,0,0
670,"서울특별시 성동구 연무장17길 10 (성수동2가)",LCDC서울이페메라,,카페,0,0,0,0,0,0
671,"서울특별시 성동구 금호로 76-1 (금호동1가)",부요네뜨,,베이커리,0,0,0,0,0,0
672,"서울특별시 성동구 왕십리로5길 9-20 (성수동1가) 1층",핫쵸,,오코노미야키,0,0,0,0,0,0
673,"서울특별시 성동구 성수일로8길 42 (성수동2가) 삼원빌딩",란칼국수,,칼국수,0,0,0,0,0,0
674,"서울특별시 성동구 아차산로3길 9 (성수동1가)",성일정육점,,"김치찌개,소고기구이",0,0,0,0,0,0
675,"서울특별시 성동구 왕십리로4길 10 (성수동1가)",성수아구찜,,아귀,0,0,0,0,0,0
676,"서울특별시 성동구 왕십리로5길 12-2 (성수동1가)",수원원조갈비,,돼지고기구이,0,0,0,0,0,0
677,"서울특별시 성동구 연무장7가길 1 (성수동2가)",다이닝목로,,"곱창전골,무국적술집",0,0,0,0,0,0
678,"서울특별시 성동구 아차산로17길 11 (성수동2가) 1층",앳모스피어,,"프랑스식,브런치카페",0,0,0,0,0,0
679,"서울특별시 성동구 성수일로1길 8 (성수동1가)",코너룸,,와인바,0,0,0,0,0,0
680,"서울특별시 성동구 성덕정17길 3-1 (성수동2가)",성수일구,,"이자카야,일식",0,0,0,0,0,0
681,"서울특별시 성동구 연무장길 110 (성수동2가) 1층 103호",바오서울,,"대만식중식,햄버거",0,0,0,0,0,0
682,"제주특별자치도 서귀포시 천제연로 186-1 (중문동)",나성수두리보말톳칼국수,,칼국수,0,0,0,0,0,0
683,"서울특별시 성동구 아차산로3길 9 (성수동1가)",성일정육식당,,소고기구이,0,0,0,0,0,0
684,"서울특별시 강북구 솔매로50길 55 (미아동)",어니언,,카페,0,0,0,0,0,0
685,"서울특별시 성동구 상원길 54 (성수동1가) 1층",이흥부오향족발,,족발,0,0,0,0,0,0
686,"서울특별시 성동구 광나루로4길 1-10 (성수동2가) 1층",올드너티커피로스터스,,커피전문점,0,0,0,0,0,0
687,"서울특별시 성동구 서울숲2길 44-13 (성수동1가)",5to7,,"디저트전문점,커피전문점",0,0,0,0,0,0
688,"서울특별시 성동구 연무장길 41-26 (성수동2가) 1층",포유성수,,베트남식,0,0,0,0,0,0
689,"서울특별시 성동구 왕십리로4길 23-1 (성수동1가) 서경빌딩",홍화돈,,돼지고기구이,0,0,0,0,0,0
690,"서울특별시 성동구 성수일로12길 18-1 (성수동2가)",예셰숄,,커피전문점,0,0,0,0,0,0
691,"서울특별시 성동구 아차산로1길 9 (성수동1가) 1층",그리디힙히크,,,0,0,0,0,0,0
692,"서울특별시 성동구 서울숲4길 20-1 (성수동1가) 1층",이리데센트,,"커피전문점,카페",0,0,0,0,0,0
693,"서울특별시 성동구 아차산로17길 48 (성수동2가) 1층",TWG티&살롱,,"티카페,캐주얼다이닝",0,0,0,0,0,0
694,"서울특별시 성동구 왕십리로 108 (성수동1가)",뚝딱,,돼지고기구이,0,0,0,0,0,0
695,"서울특별시 성동구 연무장15길 11 (성수동2가) C동 2층 202호",정든식당,,"국수,보쌈",0,0,0,0,0,0
696,"서울특별시 성동구 아차산로7길 36 (성수동2가)",돼지공탕하우,,"곰탕,평양냉면",0,0,0,0,0,0
697,"서울특별시 성동구 왕십리로 83-21 (성수동1가) 디타워서울포레스트 B110,111",띠또분식,,분식,0,0,0,0,0,0
698,"서울특별시 성동구 연무장9길 8-1 (성수동2가)",호감도,,이자카야,0,0,0,0,0,0
699,"서울특별시 성동구 성덕정3길 8 (성수동1가)",브와르,,와인바,0,0,413,5,0,0
700,"서울특별시 성동구 성수이로 127 (성수동2가) ADLV 성수빌딩 202호",지금이밤,,이자카야,0,0,0,0,0,0
701,"서울특별시 성동구 성수일로4길 50 (성수동2가) 1층",소파,,"카페,젤라토,와인바",0,0,0,0,0,0
702,"서울특별시 성동구 왕십리로2길 34 (성수동1가) 1층",희릿,,와인바,0,0,0,0,0,0
703,"서울특별시 성동구 뚝섬로13길 36 (성수동2가) 위즈엘 성수 9층",에스메로,,타파스바,0,0,859,5,0,0
704,"서울특별시 성동구 성덕정17길 11 (성수동2가) 2층",니카이우동,,일식우동,0,0,0,0,0,0
705,"서울특별시 성동구 서울숲2길 44-7 (성수동1가) 1층",오후,,덮밥,0,0,0,0,0,0
706,"서울특별시 성동구 왕십리로14길 18 (성수동1가) 1층 102호",서울육골당,,"싱가포르식,갈비탕",0,0,0,0,0,0
707,"서울특별시 성동구 성수일로3길 3-9 (성수동1가) 2층",프라나테이블,,카페,0,0,0,0,0,0
708,"서울특별시 성동구 연무장길 9-1 (성수동2가) 2층",고우성수,,솥밥,0,0,0,0,0,0
709,"서울특별시 성동구 왕십리로10길 18 (성수동1가)",술있는식탁,,한식주점,0,0,0,0,0,0
710,"서울특별시 성동구 뚝섬로17가길 55 (성수동2가)",테니,,"카페,브런치카페",0,0,0,0,0,0
711,"서울특별시 성동구 왕십리로8길 21 (성수동1가) 지하1층",바타스,,샌드위치,0,0,0,0,0,0
712,"서울특별시 성동구 연무장길 39-13 (성수동2가)",목탄,,"이자카야,야키토리",0,0,0,0,0,0
713,"서울특별시 성동구 성수이로12길 17-1 (성수동2가)",보어드앤헝그리,,햄버거,0,0,0,0,0,0
714,"서울특별시 성동구 상원10길 3 (성수동1가)",금일식당,,돼지고기구이,0,0,0,0,0,0
715,"서울특별시 성동구 서울숲2길 11 (성수동1가)",파라나,,브라질식,0,0,0,0,0,0
716,"서울특별시 성동구 아차산로17길 48 (성수동2가)",원기옥,,한정식,0,0,0,0,0,0
717,"서울특별시 성동구 왕십리로14길 19-7 (성수동1가)",피킹플레져,,카페,0,0,0,0,0,0
718,"서울특별시 성동구 왕십리로10길 9-9 (성수동1가) 지하 1층",어린달,,한식주점,0,0,0,0,0,0
719,"서울특별시 성동구 연무장길 3-2 (성수동2가) 1층 강호연파",강호연파,,샤부샤부,0,0,0,0,0,0
720,"서울특별시 성동구 뚝섬로3길 13 (성수동1가)",네이키드커피,,카페,0,0,0,0,0,0
721,"서울특별시 성동구 뚝섬로 341-18 (성수동1가) 1층",아후,,"케이크,디저트전문점",0,0,0,0,0,0
722,"서울특별시 성동구 왕십리로 50 (성수동1가) 2층",메이탄,,일반중식,0,0,0,0,0,0
723,"서울특별시 성동구 성수일로 56 (성수동2가) 1층",무브모브,,빙수,0,0,0,0,0,0
724,"서울특별시 성동구 광나루로 302 (성수동2가)",오늘동,,"일식덮밥,텐동",0,0,0,0,0,0
725,"서울특별시 성동구 아차산로 6 (성수동1가) 3층 R5호",심퍼티쿠시,,캐주얼다이닝,0,0,0,0,0,0
726,"서울특별시 성동구 뚝섬로17가길 48 (성수동2가) 102호",GTS버거,,햄버거,0,0,0,0,0,0
727,"서울특별시 성동구 서울숲2길 13 (성수동1가) 2층",GTS포레스트,,햄버거,0,0,0,0,0,0
728,"서울특별시 성동구 서울숲2길 8-8 (성수동1가) 2층",라프레플루트,,디저트전문점,0,0,0,0,0,0
729,"서울특별시 성동구 연무장길 41-19 (성수동2가) 37.5 시그니처 성수 1,2,3층",37.5시그니처성수,,브런치카페,0,0,0,0,0,0
730,"서울특별시 성동구 연무장길 81 (성수동2가) 남경빌딩 401호",러프러프,,카페,0,0,0,0,0,0
731,"서울특별시 성동구 서울숲2길 40-7 (성수동1가)",엘더버거,,햄버거,0,0,0,0,0,0
732,"서울특별시 성동구 서울숲2길 32-14 (성수동1가) 갤러리아 포레 지하1층 B117호",서우룸다이닝,,일반중식,0,0,0,0,0,0
733,"서울특별시 성동구 아차산로7길 11 (성수동2가)",피잇짜,,"피자,파스타",0,0,0,0,0,0
734,"서울특별시 성동구 왕십리로10길 3 (성수동1가)",몽련,,"양고기,돼지고기구이",0,0,0,0,0,0
735,"서울특별시 성동구 서울숲6길 22 (성수동1가) 무차사빌딩 지하1층",브이엔디,,베트남식,0,0,0,0,0,0
736,"서울특별시 성동구 뚝섬로1길 56 (성수동1가) SM ARTIST & MUSIC CENTER",루비스,,"브런치카페,호주식브런치",0,0,0,0,0,0
737,"서울특별시 성동구 서울숲4길 22-18 (성수동1가)",콩카세,,이탈리아식,0,0,0,0,0,0
738,"서울특별시 성동구 서울숲4길 26-10 (성수동1가)",요쇼쿠,,"일식덮밥,일식돈가스",0,0,0,0,0,0
739,"서울특별시 성동구 둘레7길 15 (성수동1가)",한나,,모던한식,0,0,0,0,0,0
740,"서울특별시 성동구 아차산로 116 (성수동2가) 삼연빌딩 108호",전통숯불꼼장어,,곰장어,0,0,0,0,0,0
741,"서울특별시 성동구 왕십리로8길 5 (성수동1가) 대영빌딩",고집132,,돼지고기구이,0,0,0,0,0,0
742,"서울특별시 성동구 연무장9길 8-1 (성수동2가) 2층",골든센트리,,모던차이니즈,0,0,435,5,0,0
743,"서울특별시 성동구 아차산로 126 (성수동2가) 세종타워 104호",만세회관,,"돼지갈비,소갈비",0,0,0,0,0,0
744,"서울특별시 성동구 서울숲2길 6 (성수동1가)",산도스성수,,샌드위치,0,0,0,0,0,0
745,"서울특별시 성동구 성수일로4길 45 (성수동2가) 2층",문화식당,,양식,0,0,0,0,0,0
746,"서울특별시 성동구 성수일로4길 45 (성수동2가)",파케파케,,"구움과자,카페",0,0,0,0,0,0
747,"서울특별시 성동구 아차산로13길 2 (성수동2가) 청원빌딩 3층",코트사이드,,카페,0,0,0,0,0,0
748,"서울특별시 성동구 뚝섬로9길 8 (성수동2가)",강별성수,,컨템포러리,0,0,1267,5,0,0
749,"서울특별시 성동구 왕십리로2길 38 (성수동1가) 1층",휘뚜루,,오뎅바,0,0,0,0,0,0
750,"서울특별시 성동구 아차산로 6 (성수동1가) 5층",라바트리,,카페,0,0,0,0,0,0
751,"서울특별시 성동구 성수일로1길 18 (성수동1가)",퀴바라,,와인바,0,0,0,0,0,0
752,"서울특별시 성동구 성수일로1길 8 (성수동1가)",뇨끼룸,,"뇨키,파스타",0,0,0,0,0,0
753,"서울특별시 성동구 왕십리로4길 26-14 (성수동1가) 2층",성수온실,,퓨전한식,0,0,0,0,0,0
754,"서울특별시 성동구 서울숲6길 13 (성수동1가) Forest Seongsu",스시도쿠더성수,,스시,0,0,0,0,0,0
755,"서울특별시 성동구 뚝섬로4길 21 (성수동1가) 1층, 2층",밀스,,베이커리,0,0,0,0,0,0
756,"서울특별시 성동구 왕십리로4길 10-1 (성수동1가) 1층",멘야코노하성수,,라멘,0,0,0,0,0,0
757,"서울특별시 성동구 왕십리로 50 (성수동1가) 메가박스 스퀘어 2층",봉밀가,,평양냉면,0,0,0,0,0,0
758,"서울특별시 성동구 상원2길 1-10 (성수동1가) 2층",무색,,이자카야,0,0,0,0,0,0
759,"서울특별시 성동구 연무장15길 11 (성수동2가)",킷사앤사보,,카페,0,0,0,0,0,0
760,"서울특별시 성동구 왕십리로 66-10 (성수동1가) 1층",벨라스가든,,"이탈리아식,브런치카페",0,0,0,0,0,0
761,"서울특별시 성동구 연무장17길 7 (성수동2가)",죠죠,,오코노미야키,0,0,0,0,0,0
762,"서울특별시 성동구 아차산로7길 28 (성수동2가) 성수쇼핑센터 1층",성수로운,,"브런치카페,와인바",0,0,0,0,0,0
763,"서울특별시 성동구 성수일로12길 34 (성수동2가) 1층",와이덴성수,,카페,0,0,0,0,0,0
764,"서울특별시 성동구 아차산로13길 33 (성수동2가) 협성빌딩 105호",패티패티,,햄버거,0,0,0,0,0,0
765,"서울특별시 성동구 상원2길 1-10 (성수동1가) 3층",와아,,아이스크림,0,0,0,0,0,0
766,"서울특별시 성동구 왕십리로14길 30-1 (성수동1가)",구펠,,"브런치카페,카페",0,0,0,0,0,0
767,"서울특별시 성동구 상원1길 5 (성수동1가)","브레디포스트 성수",,베이커리,0,0,0,0,0,0
768,"서울특별시 성동구 연무장9길 8-1 (성수동2가)",뚝다이닝,,"곱창전골,돼지국밥",0,0,0,0,0,0
769,"서울특별시 성동구 성덕정9길 10 (성수동1가) 2층",하이라인,,카페,0,0,0,0,0,0
770,"서울특별시 성동구 왕십리로 136 (성수동1가)",소인수서울,,"양곱창,곱창전골",0,0,0,0,0,0
771,"서울특별시 성동구 연무장13길 9 (성수동2가) 아이템플",구테로이테,,"커피전문점,에스프레소바",0,0,0,0,0,0
772,"서울특별시 성동구 성수이로16길 48 (성수동2가) 1층",올데이휘낭시에,,구움과자,0,0,0,0,0,0
773,"서울특별시 성동구 성수일로12길 21 (성수동2가) 1층",어퍼룸,,카페,0,0,0,0,0,0
775,"서울특별시 성동구 성수일로11길 8 (성수동1가) 선일빌딩 1층",마아트커피브루어스,,커피전문점,0,0,0,0,0,0
776,"서울특별시 성동구 광나루로4길 9 (성수동2가) 대보빌라 1층",마아트커피브루어스,,커피전문점,0,0,0,0,0,0
777,"서울특별시 성동구 광나루로 315 (송정동)",온더,,구움과자,0,0,0,0,0,0
778,"서울특별시 성동구 왕십리로4길 10-3 (성수동1가) 1층",카린지린가네스낵바,,"일식,이자카야",0,0,0,0,0,0
779,"서울특별시 성동구 둘레15길 22 (성수동2가)",올로,,베이커리,0,0,0,0,0,0
780,"서울특별시 성동구 왕십리로8길 5 (성수동1가) 대영빌딩 1층",미테이블,,파스타,0,0,0,0,0,0
781,"서울특별시 성동구 성수이로14길 14 (성수동2가) 성수연방 2층 메이플탑",메이플탑,,팬케이크,0,0,0,0,0,0
782,"서울특별시 성동구 서울숲2길 22-1 (성수동1가) 로와이드",로와이드,,베이커리,0,0,0,0,0,0
783,"서울특별시 성동구 서울숲2길 34 (성수동1가) 2층 쎄콩데live",쎄콩데라이브,,브런치카페,0,0,0,0,0,0
784,"서울특별시 성동구 상원길 64 (성수동1가)",본노엘,,베이커리,0,0,0,0,0,0
785,"서울특별시 성동구 성수이로24길 36 (성수동2가)","오우드 성수2호점",,"카페,베이커리",0,0,0,0,0,0
786,"서울특별시 성동구 서울숲6길 14 (성수동1가) 거암아트빌라 2층 201호",시즈니,,케이크,0,0,0,0,0,0
787,"서울특별시 성동구 연무장17길 14 (성수동2가) 대군인더스 타운 101호",쏘쏘한베이킹,,구움과자,0,0,0,0,0,0
788,"서울특별시 성동구 서울숲길 50 (성수동1가) 1층",꼬모윤,,"구움과자,케이크,디저트전문점",0,0,0,0,0,0
789,"서울특별시 성동구 서울숲4길 16-25 (성수동1가)",핍스,,"바,퓨전",0,0,0,0,0,0
790,"서울특별시 성동구 상원길 77 (성수동1가) 상가동 1층",리프레쉬먼트,,브런치카페,0,0,0,0,0,0
791,"서울특별시 성동구 연무장17길 5 (성수동2가) 1층",프롤라,,에스프레소바,0,0,0,0,0,0
792,"서울특별시 성동구 성수이로12길 8 (성수동2가)",노이,,베트남식,0,0,0,0,0,0
793,"서울특별시 성동구 뚝섬로15길 27 (성수동2가)",바위파스타바성수,,"파스타,와인바",0,0,0,0,0,0
794,"서울특별시 성동구 성수이로 126 (성수동2가) 성수실업 1층",성수칼,,"칼국수,수제비",0,0,0,0,0,0
795,"서울특별시 성동구 성덕정길 66 (성수동1가) 1층",까사다루아,,에그타르트,0,0,0,0,0,0
796,"서울특별시 성동구 연무장7가길 9 (성수동2가)",유스트레스,,카페,0,0,0,0,0,0
797,"서울특별시 성동구 서울숲4길 22-18 (성수동1가)",샌드카베,,"카페,튀르키예식",0,0,0,0,0,0
798,"서울특별시 성동구 연무장길 41-17 (성수동2가)",도도한면,,일식우동,0,0,0,0,0,0
799,"서울특별시 성동구 아차산로17길 48 (성수동2가)",버거보이,,햄버거,0,0,0,0,0,0
800,"서울특별시 성동구 연무장7가길 5 (성수동2가) 2층",메종성수돈,,돼지고기구이,0,0,0,0,0,0
801,"서울특별시 성동구 광나루로 152 (성수동1가)",파티세리아모니,,베이커리,0,0,0,0,0,0
802,"서울특별시 성동구 연무장7가길 8 (성수동2가)",베통성수더플래그십,,"카페,베이커리",0,0,0,0,0,0
803,"서울특별시 성동구 성수일로3길 4-13 (성수동1가)",핀즈,,케이크,0,0,0,0,0,0
804,"서울특별시 성동구 서울숲2길 34 (성수동1가)",크림라벨,,"케이크,카페",0,0,0,0,0,0
805,"서울특별시 성동구 송정6길 5 (송정동)",로우키,,커피전문점,0,0,0,0,0,0
806,"서울특별시 성동구 뚝섬로1나길 5 (성수동1가) 헤이그라운드 1층",로우키,,커피전문점,0,0,0,0,0,0
807,"서울특별시 성동구 성수이로6길 11 (성수동2가) 1층",어페어커피,,카페,0,0,0,0,0,0
808,"서울특별시 성동구 연무장5길 9-16 (성수동2가) 블루스톤타워 B103",르프리크,,햄버거,0,0,0,0,0,0
809,"서울특별시 성동구 서울숲2길 19-13 (성수동1가)",인치스,,디저트전문점,0,0,0,0,0,0
810,"서울특별시 성동구 성수이로22길 37 (성수동2가) 성수동아크벨리 108호",세디치,,"뇨키,파스타",0,0,0,0,0,0
811,"서울특별시 성동구 서울숲2길 19 (성수동1가)",제스티살룬,,햄버거,0,0,0,0,0,0
812,"서울특별시 성동구 왕십리로14길 19-1 (성수동1가) 1층",업사이드커피뚝섬점,,커피전문점,0,0,0,0,0,0
813,"서울특별시 성동구 연무장13길 3 (성수동2가) 1층",업사이드커피,,커피전문점,0,0,0,0,0,0
814,"서울특별시 성동구 상원6길 11-1 (성수동1가)",모멘토브루어스,,커피전문점,0,0,0,0,0,0
815,"서울특별시 성동구 서울숲2길 46 (성수동1가) B1층",성수베이킹스튜디오,,베이커리,0,0,0,0,0,0
816,"서울특별시 성동구 상원2길 5-5 (성수동1가)",모루타루,,와인바,0,0,0,0,0,0
817,"서울특별시 성동구 연무장길 6 (성수동1가)",TBD,,"다이닝바,와인바,카페",0,0,2148,5,0,0
818,"서울특별시 성동구 서울숲2길 2 (성수동1가) 2층",묘사서울,,카페,0,0,0,0,0,0
819,"서울특별시 성동구 성수일로12길 20 (성수동2가) 성동안심상가",고기다,,"소고기구이,돼지고기구이",0,0,0,0,0,0
820,"서울특별시 성동구 상원6나길 22-20 (성수동1가)",일미락,,돼지고기구이,0,0,0,0,0,0
821,"서울특별시 성동구 둘레9가길 9 (성수동1가)",도믹스,,와인바,0,0,0,0,0,0
822,"서울특별시 성동구 아차산로 7 (성수동1가)",블루보틀,,커피전문점,0,0,0,0,0,0
823,"서울특별시 성동구 광나루로11길 32 (송정동)",송정국수,,"콩국수,칼국수,국수",0,0,0,0,0,0
824,"서울특별시 성동구 성수이로7길 27 (성수동2가) 서울숲코오롱디지탈타워",그레이스톤,,카페,0,0,0,0,0,0
825,"서울특별시 성동구 아차산로 67-16 (성수동2가) KIMG빌딩 1층",밀본,,"칼국수,만두",0,0,0,0,0,0
826,"서울특별시 성동구 연무장5길 9-16 (성수동2가) 블루스톤타워 104호",미아논나,,샌드위치,0,0,0,0,0,0
827,"서울특별시 성동구 왕십리로5길 12-1 (성수동1가) 2층",성수스타우트,,크래프트맥주바,0,0,0,0,0,0
828,"서울특별시 성동구 성수이로 127 (성수동2가)",에젤커피,,커피전문점,0,0,0,0,0,0
829,"서울특별시 성동구 성수이로 58 (성수동2가) P-Tower",훔볼트,,카페,0,0,0,0,0,0
830,"서울특별시 성동구 아차산로9길 8 (성수동2가)",어니언성수,,"카페,베이커리",0,0,0,0,0,0
831,"서울특별시 성동구 성수이로 78 (성수동2가)",대림창고,,카페,0,0,0,0,0,0
832,"서울특별시 성동구 광나루로4길 8-1 (성수동2가)",쁘띠그랑,,"초콜릿,마카롱",0,0,0,0,0,0
833,"서울특별시 성동구 성수일로 77 (성수동1가) 서울숲IT밸리 110,111호",강남면옥,,"소갈비찜,함흥냉면",0,0,0,0,0,0
834,"서울특별시 성동구 왕십리로 80-1 (성수동1가) 동아아파트상가",서울숲쭈꾸미,,생선구이,0,0,0,0,0,0
835,"서울특별시 성동구 성수일로 99 (성수동1가) 1층 103호",예가주전주콩나물국밥,,콩나물국밥,0,0,0,0,0,0
836,"서울특별시 성동구 연무장길 45 ()",소문난성수감자탕,,감자탕,0,0,0,0,0,0
837,"서울특별시 성동구 연무장길 20-1 (성수동1가)",르알래스카,,베이커리,0,0,0,0,0,0
838,"서울특별시 성동구 왕십리로6길 1-2 (성수동1가)",비사벌전주콩나물국밥,,콩나물국밥,0,0,0,0,0,0
839,"서울특별시 동대문구 장한로 51 (장안동) 성안빌딩 1층",비사벌전주콩나물국밥,,콩나물국밥,0,0,0,0,0,0
840,"서울특별시 용산구 한남대로10길 36 (한남동)",피어커피,,에스프레소바,0,0,0,0,0,0
841,"서울특별시 성동구 독서당로 160 (옥수동) 한남하이츠상가 1층",스위피,,디저트전문점,0,0,0,0,0,0
842,"서울특별시 용산구 한남대로 37 (한남동)",디템포레,,프랑스식,0,0,0,0,0,0
843,"서울특별시 종로구 청계천로 215 (종로5가)",어니언,,카페,0,0,0,0,0,0
844,"서울특별시 종로구 북촌로5길 76 (소격동)",블루보틀,,"커피전문점,카페",0,0,0,0,0,0
845,"서울특별시 은평구 응암로 331-16 (응암동)",산동성수타짜장,,일반중식,0,0,0,0,0,0
847,"경상남도 창원시 마산합포구 산호시장길 64 (산호동)",마산가옥,,야키니쿠,0,0,0,0,0,0
848,"서울특별시 금천구 디지털로 178 (가산동) 퍼블릭가산",5TO7구욱희씨,,"커피전문점,팬케이크",0,0,0,0,0,0
849,"대구광역시 중구 경상감영길 166-1 (동문동) 1층",산더미미성돼지국밥,,돼지국밥,0,0,0,0,0,0
850,"서울특별시 송파구 법원로 114 (문정동) 엠스테이트빌딩",이북집찹쌀순대,,순대국밥,0,0,0,0,0,0
851,"서울특별시 영등포구 영등포로18길 6 (양평동1가) 1층",이북집찹쌀순대,,"순댓국,이북음식",0,0,0,0,0,0
852,"서울특별시 서초구 반포대로30길 44-5 (서초동) 파크뷰빌딩 2층",미테이블,,파스타,0,0,0,0,0,0
853,"서울특별시 강남구 영동대로 513 (삼성동) 코엑스 B1층 H122호",피어커피,,커피전문점,0,0,0,0,0,0
854,"대구광역시 중구 경상감영길 183 (문화동) 1층",성수,,한식주점,0,0,501,5,0,0
855,"서울특별시 강남구 압구정로 146 (신사동) 1, 2층 로와이드",로와이드압구정,,"브런치카페,베이커리",0,0,0,0,0,0
856,"서울특별시 강남구 테헤란로44길 8 (역삼동) 아이콘역삼빌딩 1층",베통역삼센트럴키친,,"카페,베이커리",0,0,0,0,0,0
857,"경상남도 창원시 성산구 마디미로38번길 11 (상남동) 네스트빌딩 1층103호",스시창,,스시,0,0,0,0,0,0
858,"전라북도 임실군 임실읍 운수로 26 (임실읍) 임실재래시장",성수식당,,콩나물국밥,0,0,0,0,0,0
859,"서울특별시 용산구 보광로59길 33 (이태원동)",쟈니덤플링,,중국만두,0,2,0,0,0,0
860,"서울특별시 용산구 서빙고로91길 2 (보광동)",댓잎갈비,,"소갈비,돼지갈비",0,2,0,0,0,0
861,"서울특별시 용산구 장문로 60 (동빙고동) 2층",레스토랑오늘,,모던한식,2,0,0,0,0,0
862,"서울특별시 용산구 한남대로21길 14 (한남동)",로스옥,,소고기구이,0,2,0,0,0,0
863,"서울특별시 용산구 이태원로55가길 13 (한남동) 스카이빌",시칠리,,"파스타,이탈리아식",2,0,0,0,0,0
864,"서울특별시 용산구 이태원로 223 (한남동) 구찌가옥 6층",구찌오스테리아서울,,이탈리아식,0,2,0,0,0,0
865,"서울특별시 용산구 이태원로55나길 6 (한남동) DOTZ 지하 1층",스시상남,,스시,2,0,0,0,0,0
866,"서울특별시 용산구 신흥로26길 35 (용산동2가) 지하 1층",소울,,모던한식,2,0,0,0,0,0
867,"서울특별시 용산구 이태원로55나길 6 (한남동)",휴135,,스테이크,0,2,0,0,0,0
868,"서울특별시 용산구 이태원로15길 1 (이태원동) 제일은행 2층",바토스,,멕시코식,0,2,0,0,0,0
869,"서울특별시 용산구 이태원로45길 34 (한남동)",오월의종,,베이커리,2,0,0,0,0,0
870,"서울특별시 용산구 회나무로44길 10 (이태원동)",라쿠치나,,"이탈리아식,파스타",0,2,0,0,0,0
871,"서울특별시 강남구 압구정로 165 (압구정동) 현대백화점 본점 5층",휴135다온반상,,솥밥,0,2,0,0,0,0
872,"서울특별시 용산구 이태원로54길 22 (한남동)",은마양대창,,양곱창,0,1,0,0,0,0
873,"서울특별시 용산구 이태원로55가길 28 (한남동)",부자피자,,피자,0,1,0,0,0,0
874,"서울특별시 용산구 이태원로 228-1 (한남동)",몽크스부처,,비건,1,0,0,0,0,0
875,"서울특별시 용산구 녹사평대로40가길 3-3 (이태원동) 2층",르페셰미뇽,,디저트전문점,1,0,0,0,0,0
876,"서울특별시 용산구 장문로 23 (이태원동) 호텔 몬드리안서울이태원 1층",타카,,스키야키,1,0,0,0,0,0
877,"서울특별시 용산구 녹사평대로40길 48 (이태원동) 1층",부다스벨리,,태국식,0,1,0,0,0,0
878,"서울특별시 용산구 녹사평대로32길 41-5 (이태원동)",이태원숯불구이,,"소고기구이,곰탕",0,1,0,0,0,0
879,"서울특별시 용산구 이태원로 272 (한남동) SPC빌딩",패션5,,"카페,베이커리",1,0,0,0,0,0
880,"서울특별시 용산구 녹사평대로 244-1 (이태원동)",맥파이브루샵,,크래프트맥주바,1,0,0,0,0,0
881,"서울특별시 용산구 녹사평대로 244-1 (이태원동)",더베이커스테이블,,베이커리,1,0,0,0,0,0
882,"서울특별시 용산구 녹사평대로40길 33 (이태원동) 2층",페트라,,"중동식,요르단식,시리아식",0,1,0,0,0,0
883,"서울특별시 용산구 이태원로 254 (한남동) 지하2층",레스토랑바위,,이탈리아식,0,1,0,0,0,0
884,"서울특별시 용산구 이태원로 272 (한남동) SPC빌딩 3층",베라피자,,피자,0,1,0,0,0,0
885,"서울특별시 용산구 이태원로55가길 26-5 (한남동) 2층",빠르크,,한정식,0,1,0,0,0,0
886,"서울특별시 용산구 보광로 76 (보광동)",헬카페로스터즈,,커피전문점,1,0,0,0,0,0
887,"서울특별시 용산구 대사관로15길 8-3 (한남동) 1층",트러플디알바,,이탈리아식,0,1,0,0,0,0
888,"서울특별시 용산구 회나무로10길 5 (이태원동)",남산와이너리,,"와인바,포르투갈식",1,0,0,0,0,0
889,"서울특별시 용산구 이태원로 243 (한남동) 2층",아뜰리에폰드,,"쿠키,캐러멜,디저트전문점",1,0,0,0,0,0
890,"서울특별시 용산구 이태원로54길 58-4 (한남동) 지하 1층",목단가옥,,카페,1,0,0,0,0,0
891,"서울특별시 용산구 신흥로26길 35 (용산동2가)",에그앤플라워,,"파스타,이탈리아식",0,1,0,0,0,0
892,"서울특별시 용산구 녹사평대로40길 47 (이태원동) 2층",매니멀스모크하우스,,바비큐,0,1,0,0,0,0
893,"서울특별시 용산구 이태원로27길 101 (한남동)",셰프테이너,,이탈리아식,0,1,0,0,0,0
894,"서울특별시 용산구 이태원로54길 48 (한남동) 2층",재인,,"구움과자,케이크",1,0,0,0,0,0
895,"서울특별시 용산구 장문로 112 (보광동)",종점숯불갈비,,"돼지갈비,돼지고기구이",0,1,0,0,0,0
896,"서울특별시 용산구 이태원로 140-1 (이태원동) 빅토리타운 2층",모터시티,,"미국식피자,크래프트맥주바",0,1,0,0,0,0
897,"서울특별시 용산구 이태원로55나길 6 (한남동)",다츠,,"아시아식,카페",0,1,0,0,0,0
898,"서울특별시 용산구 녹사평대로54길 7 (이태원동)",더부스,,크래프트맥주바,1,0,0,0,0,0
899,"서울특별시 용산구 장문로 18 (동빙고동)",유진막국수,,막국수,0,1,0,0,0,0
900,"서울특별시 용산구 이태원로 192 (이태원동)",두바이,,중동식,0,0,0,0,0,0
901,"서울특별시 용산구 이태원로 245 (한남동)",나리의집,,삼겹살,0,0,0,0,0,0
902,"서울특별시 용산구 녹사평대로 208-1 (이태원동) 파크뷰 1층, 2층",커피나인,,커피전문점,0,0,0,0,0,0
903,"서울특별시 용산구 이태원로14길 19 (이태원동)",브라이리퍼블릭,,남아프리카공화국식,0,0,0,0,0,0
904,"제주특별자치도 제주시 동회천1길 23 (회천동)",맥파이브루어리,,크래프트맥주바,0,0,0,0,0,0
905,"서울특별시 용산구 이태원로 134 (이태원동)",봉비방,,"브런치카페,프랑스식",0,0,0,0,0,0
906,"서울특별시 용산구 이태원로 268 (한남동) 2층",그릴도하,,중동식,0,0,0,0,0,0
907,"서울특별시 용산구 이태원로 140-1 (이태원동) 빅토리타운 3층",호지보보,,우즈베키스탄식,0,0,0,0,0,0
908,"서울특별시 용산구 녹사평대로 248 (이태원동)",내추럴하이,,"브런치카페,와인바",0,0,1542,5,0,0
909,"서울특별시 용산구 이태원로26길 26 (이태원동)",라플랑끄,,프랑스식,0,0,0,0,0,0
910,"서울특별시 용산구 이태원로 164-1 (이태원동)",마라케쉬나이트,,모로코식,0,0,0,0,0,0
911,"서울특별시 용산구 우사단로 5 (보광동)",동아냉면,,비빔냉면,0,0,0,0,0,0
912,"서울특별시 용산구 이태원로 245 (한남동)",바다식당,,부대찌개,0,0,0,0,0,0
913,"서울특별시 강남구 도산대로 220 (논현동) 엠포리아 빌딩 지하1층",카니랩,,컨템포러리,0,0,0,0,0,0
914,"서울특별시 용산구 이태원로55가길 21 (한남동)",루비스,,브런치카페,1,0,0,0,0,0
915,"서울특별시 용산구 신흥로 30 (용산동2가) 1층",더피제리아마켓해방촌,,피자,1,0,0,0,0,0
916,"서울특별시 용산구 신흥로3가길 2 (용산동2가) 1층",하버브라운,,카페,1,0,0,0,0,0
917,"서울특별시 용산구 보광로60길 10 (이태원동) 1층",멘야산다이메,,라멘,1,0,0,0,0,0
918,"서울특별시 용산구 이태원로26길 16-8 (이태원동)",키에리,,"케이크,디저트전문점",0,0,0,0,0,0
919,"서울특별시 용산구 보광로 126 (이태원동) 2층",로우앤슬로우,,바비큐,0,0,0,0,0,0
920,"서울특별시 용산구 이태원로 143-30 (이태원동) 2층",장강중류,,"마라탕,사천식중식",0,0,0,0,0,0
921,"서울특별시 용산구 이태원로19길 6 (이태원동) 2층",로즈앤크라운,,펍,0,0,0,0,0,0
922,"서울특별시 용산구 회나무로13가길 40 (이태원동)",그랑블루,,이탈리아식,0,0,0,0,0,0
923,"서울특별시 용산구 회나무로13가길 40 (이태원동)",마틸다,,이탈리아식,0,0,0,0,0,0
924,"서울특별시 용산구 이태원로16길 15 (이태원동)",빌라드라비노,,"파스타,이탈리아식",0,0,0,0,0,0
925,"서울특별시 용산구 이태원로27가길 49 (이태원동)",타파스바,,"타파스바,스페인식",0,0,0,0,0,0
926,"서울특별시 용산구 이태원로27가길 45 (이태원동)",야키도리고우이태원본점,,"이자카야,야키토리",0,0,0,0,0,0
927,"서울특별시 용산구 이태원로 238 (한남동)",교양식사,,양고기,0,0,0,0,0,0
928,"서울특별시 용산구 녹사평대로40나길 9 (이태원동)",롸카두들내쉬빌핫치킨,,햄버거,0,0,0,0,0,0
929,"서울특별시 용산구 이태원로20가길 7-5 (이태원동)",아노브피자,,"피자,파스타",0,0,0,0,0,0
931,"서울특별시 노원구 상계로 71-1 (상계동) 1층",쭈꾸미달인,,주꾸미,0,0,0,0,0,0
932,"서울특별시 용산구 이태원로4길 26 (한강로1가) 2층",마라쿠시,,중식주점,0,0,0,0,0,0
933,"서울특별시 용산구 이태원로54가길 7 (한남동)",백사,,"쿠키,카페",0,0,0,0,0,0
934,"서울특별시 용산구 한남대로27가길 8-3 (한남동) 1층",아따,,"이탈리아식,피자",0,0,0,0,0,0
935,"서울특별시 용산구 이태원로54길 62-8 (한남동) 2층",흐븟,,퓨전,0,0,0,0,0,0
936,"서울특별시 용산구 한남대로27가길 32 (한남동) 201호",로기,,그릴,0,0,0,0,0,0
937,"서울특별시 용산구 한남대로27길 25 (한남동) 2층",티비디한남,,양식,0,0,0,0,0,0
938,"서울특별시 용산구 한남대로27가길 23 (한남동) 201호",컨큐어카페,,"카페,티라미수",0,0,0,0,0,0
939,"서울특별시 용산구 한남대로27길 25 (한남동)",골든피스,,한과,0,0,0,0,0,0
940,"서울특별시 용산구 한남대로27가길 15 (한남동)",릴리언,,베이커리,0,0,0,0,0,0
941,"서울특별시 용산구 대사관로31길 29 (한남동)",미래회관,,돼지고기구이,0,0,0,0,0,0
942,"서울특별시 용산구 한남대로27가길 32 (한남동)",부토,,"퓨전한식,바",0,0,0,0,0,0
943,"서울특별시 용산구 대사관로 33 (한남동)",아르모니움,,이탈리아식,0,0,269,4,0,0
944,"서울특별시 용산구 대사관로 45-1 (한남동)",동아냉면,,비빔냉면,0,0,0,0,0,0
945,"서울특별시 용산구 이태원로26길 13 (이태원동) 2층",주관,,한식주점,0,0,0,0,0,0
946,"서울특별시 용산구 이태원로20길 21 (이태원동) 지상 1층",베트남돼지,,베트남식,0,0,0,0,0,0
947,"서울특별시 용산구 이태원로20길 24 (이태원동) 1층",이즈비,,피자,0,0,0,0,0,0
948,"서울특별시 용산구 이태원로27가길 54-8 (이태원동) 1층",프립이태원,,한식주점,0,0,0,0,0,0
949,"서울특별시 용산구 녹사평대로32길 9 (이태원동) 1층",와다라멘,,라멘,0,0,0,0,0,0
950,"서울특별시 용산구 녹사평대로32길 37 (이태원동) 1층, 2층",발루토피비,,카페,0,0,0,0,0,0
951,"서울특별시 용산구 녹사평대로 218 (이태원동) 해피빌딩 4층",사우스사이드팔러,,멕시코식,0,0,0,0,0,0
952,"서울특별시 용산구 이태원로20길 13 (이태원동)",레드브릭비스트로,,이탈리아식,0,0,35,5,0,0
953,"서울특별시 용산구 녹사평대로40길 46 (이태원동) 2층 201호",지노스뉴욕피자,,피자,0,0,0,0,0,0
954,"서울특별시 용산구 신흥로 28 (용산동2가)",노이이탈리안하우스,,이탈리아식,0,0,0,0,0,0
955,"서울특별시 용산구 녹사평대로26가길 19 (이태원동) 지하1층",님부스,,카페,0,0,0,0,0,0
956,"서울특별시 용산구 장문로 23 (이태원동) 1층",덕분,,모던한식,0,0,0,0,0,0
957,"서울특별시 용산구 보광로 90 (이태원동) 202호",노노샵,,카페,0,0,0,0,0,0
958,"서울특별시 용산구 보광로 118 (이태원동) 1층",보광정,,돼지고기구이,0,0,0,0,0,0
959,"서울특별시 용산구 보광로 127 (이태원동) 유영빌딩 3층",교촌필방,,치킨오마카세,0,0,0,0,0,0
960,"서울특별시 용산구 이태원로 138 (이태원동)",산해장,,돼지고기찌개,0,0,0,0,0,0
961,"서울특별시 용산구 이태원로45길 8 (한남동) 4층",베베르카,,브런치카페,0,0,0,0,0,0
962,"서울특별시 용산구 녹사평대로40길 46 (이태원동) 1층",핌피,,양식,0,0,0,0,0,0
963,"서울특별시 용산구 회나무로6길 21 (이태원동) 1층",잭잭,,"미국식,햄버거",0,0,0,0,0,0
964,"서울특별시 용산구 신흥로 95-21 (용산동2가)",소월솥밥,,솥밥,0,0,0,0,0,0
965,"서울특별시 용산구 이태원로 247 (한남동)",아벡쉐리,,"베이커리,카페",0,0,0,0,0,0
966,"서울특별시 용산구 이태원로14길 42 (이태원동) 1층",플로우이태원,,브런치카페,0,0,0,0,0,0
967,"서울특별시 용산구 녹사평대로26가길 9 (이태원동) 2층",도나르,,"샌드위치,베이커리",0,0,0,0,0,0
968,"서울특별시 용산구 이태원로54길 62-4 (한남동) 1층",써스티써스데이,,위스키바,0,0,0,0,0,0
969,"서울특별시 용산구 이태원로20길 24 (이태원동)",벅벅,,햄버거,0,0,0,0,0,0
970,"서울특별시 용산구 녹사평대로40나길 22 (이태원동) 2층",로스니버거,,햄버거,0,0,0,0,0,0
971,"서울특별시 용산구 보광로 72 (보광동) 이태원 불꽃",이태원불꽃,,"중식주점,일반중식",0,0,0,0,0,0
972,"서울특별시 용산구 녹사평대로54길 6 (이태원동)",폴스다이너,,와인바,0,0,14,5,0,0
973,"서울특별시 용산구 이태원로54길 31 (한남동) 3층",보르고한남,,이탈리아식,0,0,0,0,0,0
974,"서울특별시 용산구 대사관로 46-1 (한남동) 102호",캄포,,"이탈리아식,와인바",0,0,0,0,0,0
975,"서울특별시 용산구 대사관로5길 14-3 (한남동) 지하1층",허니비서울,,"케이크,디저트전문점",0,0,0,0,0,0
976,"서울특별시 용산구 보광로60길 7 (이태원동) 카나빌딩 2층",미드나잇마켓,,태국식,0,0,0,0,0,0
977,"서울특별시 용산구 녹사평대로40길 51 (이태원동)",라비앙코코,,초콜릿,0,0,0,0,0,0
978,"서울특별시 용산구 보광로59길 14-1 (이태원동)",이태원단골집,,무국적술집,0,0,0,0,0,0
979,"서울특별시 용산구 이태원로 174 (이태원동)",알페도,,"카이막,튀르키예식,베이커리",0,0,0,0,0,0
980,"서울특별시 용산구 녹사평대로 174-11 (이태원동)",네키드윙즈,,미국식,0,0,0,0,0,0
981,"서울특별시 용산구 이태원로 243 (한남동) 대부빌딩 2층",파티세리폰드,,"구움과자,디저트전문점",0,0,0,0,0,0
982,"서울특별시 용산구 녹사평대로40나길 48-20 (이태원동)",마메종394,,"이탈리아식,와인바",0,0,0,0,0,0
983,"서울특별시 용산구 이태원로54길 68 (한남동)",소와나,,한우오마카세,0,0,0,0,0,0
984,"서울특별시 용산구 소월로 322 (한남동) 그랜드하얏트호텔",테판,,"철판볶음밥,모던한식,데판야키",0,0,0,0,0,0
985,"서울특별시 용산구 소월로 322 (한남동) 하얏트호텔 LL층 332",카우리,,스시,0,0,0,0,0,0
986,"서울특별시 용산구 이태원로19길 6 (이태원동)",흥미식당,,백반,0,0,0,0,0,0
987,"서울특별시 용산구 보광로 124 (이태원동)",코너피자조인트,,미국식피자,0,0,0,0,0,0
988,"서울특별시 용산구 이태원로20가길 7-2 (이태원동)",쏭타이,,태국식,0,0,0,0,0,0
989,"서울특별시 용산구 보광로 107 (이태원동) 1층 커피오브콜스",커피오브콜스,,카페,0,0,0,0,0,0
990,"서울특별시 용산구 대사관로12길 4-2 (한남동) 2층",뮤땅,,"프렌치비스트로,와인바",0,0,0,0,0,0
991,"서울특별시 용산구 녹사평대로 210-6 (이태원동) 마이하우스 3층",셰누프라이빗키친,,프랑스식,0,0,0,0,0,0
992,"서울특별시 용산구 우사단로14길 4 (이태원동) 103호",바라핀부쉬,,"샤퀴테리,프렌치비스트로",0,0,0,0,0,0
993,"서울특별시 용산구 녹사평대로32길 36 (이태원동)",이태원주식,,한식주점,0,0,0,0,0,0
994,"서울특별시 용산구 장문로 23 (이태원동) 몬드리안 서울 이태원 1층",클레오,,지중해식,0,0,0,0,0,0
995,"서울특별시 용산구 신흥로 97-4 (용산동2가) 1층 데칼코마니",데칼코마니,,스페인식,0,0,0,0,0,0
996,"서울특별시 용산구 이태원로54가길 20 (한남동)",아우프글렛,,"크로플,카페",0,0,0,0,0,0
997,"서울특별시 용산구 녹사평대로 168-6 (이태원동) 1층",오띠젤리,,"카페,샌드위치",0,0,0,0,0,0
998,"서울특별시 용산구 이태원로42길 32 (한남동)",수르기,,디저트전문점,0,0,0,0,0,0
999,"서울특별시 용산구 신흥로 81-1 (용산동2가)",윤주당,,한식주점,0,0,0,0,0,0
1000,"서울특별시 용산구 이태원로55가길 49 (한남동)",써머레인,,"호주식브런치,브런치카페",0,0,0,0,0,0
1001,"서울특별시 용산구 녹사평대로26가길 19 (이태원동)",님부스커피,,카페,0,0,0,0,0,0
1002,"서울특별시 용산구 이태원로54길 28 (한남동)",르솔레이,,베이커리,0,0,0,0,0,0
1003,"서울특별시 용산구 신흥로 59 (용산동2가)",베제투스,,비건,0,0,0,0,0,0
1004,"서울특별시 용산구 소월로38길 25 (이태원동)",우라만,,한우오마카세,0,0,0,0,0,0
1005,"서울특별시 용산구 신흥로 99-4 (용산동2가)",르몽블랑,,디저트전문점,0,0,0,0,0,0
1006,"서울특별시 용산구 이태원로45길 4 (한남동)",공기,,"일반한식,모던한식",0,0,0,0,0,0
1007,"서울특별시 용산구 이태원로14길 19 (이태원동)",위긴티식스,,커피전문점,0,0,0,0,0,0
1008,"서울특별시 용산구 보광로 117 (이태원동) 2층",플랜트,,"비건,카페",0,0,0,0,0,0
1009,"서울특별시 용산구 녹사평대로40길 59-1 (이태원동)",술꼬마,,"한식주점,퓨전한식",0,0,0,0,0,0
1010,"서울특별시 용산구 이태원로23길 6 (이태원동)",야상해,,중국만두,0,0,0,0,0,0
1011,"서울특별시 용산구 이태원로 136-13 (이태원동)",라이너스바베큐,,바비큐,0,0,0,0,0,0
1012,"서울특별시 용산구 녹사평대로46길 34-2 (이태원동)",누랑즈뉘,,일반중식,0,0,0,0,0,0
1013,"서울특별시 용산구 이태원로55가길 26-4 (한남동) 2층",루트에브리데이,,샐러드,0,0,0,0,0,0
1014,"서울특별시 용산구 회나무로13가길 19 (이태원동)",모멘토스,,스페인식,0,0,0,0,0,0
1015,"서울특별시 용산구 회나무로41길 4 (이태원동)",모수서울,,컨템포러리,0,0,0,0,0,0
1016,"서울특별시 용산구 녹사평대로40길 55-7 (이태원동)",일키아쏘,,이탈리아식,0,0,0,0,0,0
1017,"서울특별시 용산구 이태원로54길 74 (한남동)",까사684,,와인바,0,0,0,0,0,0
1018,"서울특별시 용산구 대사관로12길 3 (한남동)",소하,,다이닝바,0,0,0,0,0,0
1019,"서울특별시 용산구 회나무로 3 (이태원동) 1층",안씨막걸리,,"한식주점,막걸리전문점",0,0,0,0,0,0
1020,"서울특별시 용산구 이태원로 240 (한남동)",앤트러사이트,,커피전문점,0,0,0,0,0,0
1021,"서울특별시 용산구 이태원로 179 (이태원동) 해밀톤호텔 쇼핑몰 2층",오리지널팬케이크하우스,,팬케이크,0,0,0,0,0,0
1022,"서울특별시 용산구 소월로20길 26-14 (용산동2가)",오랑오랑,,커피전문점,0,0,0,0,0,0
1023,"서울특별시 용산구 보광로 120 (이태원동)",꾸띠자르당,,프랑스식,0,0,0,0,0,0
1024,"서울특별시 용산구 이태원로 208 (한남동)",케르반베이커리,,"베이커리,디저트전문점",0,0,0,0,0,0
1025,"서울특별시 용산구 신흥로 35 (용산동2가)",카사블랑카,,"모로코식,샌드위치",0,0,0,0,0,0
1026,"서울특별시 용산구 이태원로 192 (이태원동)",케르반레스토랑,,튀르키예식,0,0,0,0,0,0
1027,"서울특별시 용산구 이태원로 192 (이태원동) 3층",어메이징타이,,태국식,0,0,0,0,0,0
1028,"서울특별시 용산구 이태원로27가길 45 (이태원동)",베이비기네스,,"영국식,바",0,0,0,0,0,0
1029,"서울특별시 용산구 회나무로 69 (이태원동) 지하 1층",서울루덴스,,카페,0,0,0,0,0,0
1030,"서울특별시 용산구 신흥로 31-1 (용산동2가)",필리스,,"펍,미국식",0,0,0,0,0,0
1031,"서울특별시 용산구 회나무로44길 36 (이태원동) 주한 케냐대사관 1층","케냐 키암부",,카페,0,0,0,0,0,0
1032,"서울특별시 용산구 대사관로5길 17 (한남동)",바바라스키친,,펍,0,0,0,0,0,0
1033,"서울특별시 용산구 우사단로 31 (이태원동)",한도니,,돼지고기구이,0,0,0,0,0,0
1034,"서울특별시 용산구 이태원로 142-1 (이태원동)",코파카바나그릴,,브라질식,0,0,0,0,0,0
1035,"서울특별시 용산구 회나무로13길 10 (이태원동)",후렌드치킨,,프라이드치킨,0,0,0,0,0,0
1036,"서울특별시 용산구 신흥로 38 (용산동2가)",자코비버거,,햄버거,0,0,0,0,0,0
1037,"서울특별시 용산구 소월로 322 (한남동) 그랜드하얏트서울 호텔 1층",테라스,,퓨전,0,0,0,0,0,0
1038,"서울특별시 용산구 이태원로 216 (한남동)",스페인클럽,,스페인식,0,0,0,0,0,0
1039,"서울특별시 용산구 녹사평대로 66 (동빙고동) 용산푸르지오파크타운",다채,,"쌈밥,막국수",0,0,0,0,0,0
1040,"서울특별시 용산구 우사단로10길 39 (한남동)",쌀람베이커리,,튀르키예식,0,0,0,0,0,0
1041,"서울특별시 용산구 이태원로27가길 26 (이태원동) 해밀톤호텔 별관",글램,,바,0,0,0,0,0,0
1042,"서울특별시 용산구 이태원로27가길 26 (이태원동) 헤밀턴호텔 별관 1층",프로스트,,펍,0,0,0,0,0,0
1043,"서울특별시 용산구 보광로59길 31 (이태원동) 2층",노블따블,,"한식주점,퓨전한식",0,0,0,0,0,0
1044,"서울특별시 용산구 이태원로 182 (이태원동)",앙카라피크닉,,튀르키예식,0,0,0,0,0,0
1045,"서울특별시 용산구 이태원로 164-1 (이태원동) 5층",트로이카,,러시아식,0,0,0,0,0,0
1046,"서울특별시 용산구 녹사평대로 174-11 (이태원동)",디엘리,,카페,0,0,0,0,0,0
1047,"서울특별시 용산구 보광로 126 (이태원동)",술탄케밥,,튀르키예식,0,0,0,0,0,0
1048,"서울특별시 용산구 이태원로27가길 26 (이태원동) 해밀톤호텔 별관",단풍나무집,,"소고기구이,돼지고기구이",0,0,0,0,0,0
1049,"서울특별시 용산구 신흥로 98 (용산동2가)",해방촌노아,,"피자,파스타,이탈리아식",0,0,0,0,0,0
1050,"서울특별시 용산구 녹사평대로 224-1 (이태원동)",스탠딩커피,,커피전문점,0,0,0,0,0,0
1051,"서울특별시 용산구 이태원로 153 (이태원동) 덕흥빌딩 지하1층",아그라,,인도식,0,0,0,0,0,0
1052,"서울특별시 용산구 장문로6길 11 (동빙고동)",고흥집,,소고기구이,0,0,0,0,0,0
1053,"서울특별시 용산구 우사단로 39 (이태원동) 2층",타지팰리스,,인도식,0,0,0,0,0,0
1054,"서울특별시 용산구 소월로 322 (한남동) 그랜드하얏트서울 지하2층",JJ마호니스,,바,0,0,0,0,0,0
1055,"서울특별시 용산구 회나무로 13 (이태원동) 2층, 3층",타코아미고,,멕시코식,0,0,0,0,0,0
1056,"서울특별시 용산구 소월로 322 (한남동) 그랜드하얏트서울 지하1층",텐카이,,이자카야,0,0,0,0,0,0
1057,"서울특별시 용산구 대사관로 46 (한남동) 서울빌딩",도이치하우스,,호프,0,0,0,0,0,0
1058,"서울특별시 용산구 이태원로 230-1 (한남동)",문타로,,"이자카야,야키토리",0,0,0,0,0,0
1059,"서울특별시 용산구 이태원로 216 (한남동)",올댓재즈,,재즈바,0,0,0,0,0,0
1060,"서울특별시 용산구 이태원로 235 (한남동)",시골밥상,,한정식,0,0,0,0,0,0
1061,"서울특별시 용산구 이태원로27길 101 (한남동)",비손,,프랑스식,0,0,0,0,0,0
1062,"서울특별시 중구 명동길 14 (명동2가) Noon Square 6층",타이가든,,태국식,0,0,0,0,0,0
1063,"서울특별시 영등포구 영중로 15 (영등포동4가) 타임스퀘어",오월의종,,베이커리,0,0,0,0,0,0
1064,"서울특별시 강남구 테헤란로39길 51 (역삼동) 옥산빌딩 1층 102호",쏭타이,,태국식,0,0,0,0,0,0
1065,"서울특별시 강남구 선릉로152길 25 (청담동)",나리의집,,삼겹살,0,0,0,0,0,0
1066,"강원특별자치도 양양군 강현면 일출로 15-1 (강현면)",이태원왕갈비,,돼지갈비,0,0,0,0,0,0
